listing_id,current_title,reason,recommendation_strength
522912537,"Men's Tungsten Carbide Wedding Band, Black Tungsten Carbide Ring, Blue Tungsten Carbide Ring, Available in 8mm, Personalized Engraved Ring","SKU duplicate: JDTR709. Winner: 4512044948",HIGH
528037261,"Men's Tungsten Carbide Wedding Band, Black Tungsten Carbide Ring, Blue Tungsten Carbide Ring, Available in 6mm, 8mm","SKU duplicate: AYTR022. Winner: 4512045822",HIGH
4512044566,"Men's Tungsten Carbide Wedding Band, Black Tungsten Carbide Ring, Blue Tungsten Carbide Ring, Available in 6mm, 8mm","SKU duplicate: AYTR435. Winner: 1205810812",HIGH
1219759609,"Men's Tungsten Carbide Wedding Band, Silver Tungsten Carbide Ring, Gold Tungsten Carbide Ring, Available in 6mm, 8mm","SKU duplicate: AYTR363. Winner: 4512043812",HIGH
4512044721,"Fingerprint Jewelry | His and Her Fingerprint, Couples Ring, Promise Ring, Plus Engraved Ring, Personalized Ring, Anniversary Ring, Tungsten","SKU duplicate: JDTR061. Winner: 817764707",HIGH
4512045450,"Men's Tungsten Carbide Wedding Band, Gold Tungsten Carbide Ring, Rose Gold Tungsten Carbide Ring, Wood Inlay Wedding Band, Available in 6mm","SKU duplicate: JDTR739. Winner: 526238869",HIGH
4512044152,"Black Brushed Mens Tungsten Carbide Wedding Ring with Rose Gold Band, Gift for Anniversary and Engagement, Promise Rings for Him","SKU duplicate: JDTR865. Winner: 830756083",HIGH
4512043105,"Men's Titanium Wedding Band, Silver Titanium Ring, Red Titanium Ring, Available in 6mm, 8mm, Personalized Engraved Ring, Comfort Fit","SKU duplicate: AYTR109. Winner: 1219753461",HIGH
514629168,"Silver Brushed Gold Tungsten Wedding Band Ring Comfort Fit","SKU duplicate: JDTR738. Winner: 4512046064",HIGH
4512045826,"Men's Tungsten Carbide Wedding Band, Black Tungsten Carbide Ring, Carbon Fiber Wedding Band, Available in 6mm, 8mm","SKU duplicate: JDTR813. Winner: 512437020",HIGH
4512042169,"Men's Tungsten Carbide Wedding Band, Gunmetal Tungsten Carbide Ring, Wood Inlay Wedding Band, Available in 8mm, Personalized Engraved Ring","SKU duplicate: AYTR092. Winner: 817720997",HIGH
1085033765,"Black Tungsten Ring | Iron Wood | Mens Wedding Band | Tungsten Wedding Ring | Unique Tungsten Band | Promise Ring | Wood Ring | Gift for Him","SKU duplicate: AYTR203. Winner: 4512045162",HIGH
4512044818,"Men's Tungsten Carbide Wedding Band, Black Tungsten Carbide Ring, Wood Inlay Wedding Band, Available in 8mm, Personalized Engraved Ring","SKU duplicate: AYTR183. Winner: 1071090688",HIGH
4512045168,"Men's Tungsten Carbide Wedding Band, Black Tungsten Carbide Ring, Orange Tungsten Carbide Ring, Available in 6mm, 8mm","SKU duplicate: AYTR119. Winner: 1205805390",HIGH
674790993,"Men's Tungsten Carbide Wedding Band, Available in 8mm, Fingerprint Ring, Custom Fingerprint Jewelry, Personalized Engraved Ring, Comfort Fit","SKU duplicate: AYTR011. Winner: 539297138",HIGH
4512043501,"Men's Tungsten Carbide Wedding Band, Available in 8mm, Fingerprint Ring, Custom Fingerprint Jewelry, Personalized Engraved Ring, Comfort Fit","SKU duplicate: AYTR011. Winner: 539297138",HIGH
4512008217,"Men's Tungsten Carbide Wedding Band, Black Tungsten Carbide Ring, Silver Tungsten Carbide Ring, Available in 8mm, Personalized Engraved Ring","SKU duplicate: AYTR011. Winner: 539297138",HIGH
509712178,"Personalized Fingerprint Dog Tag w/ Two Name - Laser Engraved Fingerprint Dog Tag","SKU duplicate: AYSSTAGP. Winner: 4512034186",HIGH
4512043578,"Personalized Fingerprint Dog Tag w/ Two Name - Laser Engraved Fingerprint Dog Tag","SKU duplicate: AYSSTAGP. Winner: 4512034186",HIGH
499499119,"Personalized Fingerprint Dog Tag Necklace | Custom Memorial Keepsake | Engraved Stainless Steel Pendant for Men, Sympathy Gift","SKU duplicate: AYSSTAGP. Winner: 4512034186",HIGH
4512043417,"Men's Tungsten Carbide Wedding Band, Black Tungsten Carbide Ring, Silver Tungsten Carbide Ring, Carbon Fiber Wedding Band, Available in 8mm","SKU duplicate: JDTR380. Winner: 512444810",HIGH
532801793,"Tungsten Wedding Band Silver, Sterling Silver Braid, Tungsten Ring, Mens Wedding Band, Anniversary Ring, Tungsten Carbide, Men's Ring,Unique","SKU duplicate: JDTR217. Winner: 4512033184",HIGH
4512044678,"Tungsten Wedding Band Men, High Polished, Beveled Edge, Black Tungsten Ring, Blue Grooved Center, Tungsten Wedding Ring","SKU duplicate: JDTR733. Winner: 509099536",HIGH
4512043721,"Wood Wedding Band | Box Elder Wooden Ring, Mens Wood Ring, Wedding Ring, Wedding Band, Promise Ring, Engagement Rings Men, Alternative Ring","SKU duplicate: AYTR034. Winner: 640726968",HIGH
1085032359,"Men's Tungsten Carbide Wedding Band, Black Tungsten Carbide Ring, Wood Inlay Wedding Band, Available in 8mm, Personalized Engraved Ring","SKU duplicate: AYTR172. Winner: 4512044808",HIGH
1205805282,"Men's Titanium Wedding Band, Silver Titanium Ring, Red Titanium Ring, Available in 6mm, 8mm, Personalized Engraved Ring, Comfort Fit","SKU duplicate: AYTR309. Winner: 4512044262",HIGH
4512057448,"Rose Gold Tungsten, Black Wedding Band, Tungsten Ring,Tungsten Carbide, Wedding Ring, Engagement Band, Promise Ring, Rose Black Ring","SKU duplicate: TR729. Winner: 522910507",HIGH
4512055715,"Men's Wood Wedding Band, Silver Wood Ring, Red Wood Ring, Wood Inlay Wedding Band, Available in 8mm, Personalized Engraved Ring","SKU duplicate: AYTR068. Winner: 817678243",HIGH
532667558,"Men's Tungsten Carbide Wedding Band, Silver Tungsten Carbide Ring, Gold Tungsten Carbide Ring, Available in 6mm, 8mm, 10mm","SKU duplicate: AYTR510. Winner: 4512057354",HIGH
674792355,"Personalized Ring | Fingerprint Ring, Custom Fingerprint, Promise Ring, Engraved Ring, Anniversary Ring, Engagement Ring,Unique Wedding Ring","SKU duplicate: AYTR009. Winner: 4512042393",HIGH
4512057674,"Men's Tungsten Carbide Wedding Band, Available in 8mm, Fingerprint Ring, Custom Fingerprint Jewelry, Personalized Engraved Ring, Comfort Fit","SKU duplicate: AYTR009. Winner: 4512042393",HIGH
4512020055,"Men's Tungsten Carbide Wedding Band, Available in 6mm, 8mm, Fingerprint Ring, Custom Fingerprint Jewelry, Personalized Engraved Ring","SKU duplicate: AYTR009. Winner: 4512042393",HIGH
660953700,"Men's Tungsten Carbide Wedding Band, Available in 8mm, Fingerprint Ring, Custom Fingerprint Jewelry, Personalized Engraved Ring, Comfort Fit","SKU duplicate: AYTR009. Winner: 4512042393",HIGH
539296130,"Mens Wedding Band Red, Silver Tungsten Ring, Wedding Ring 8mm, Engagement Ring, Promise Ring, Rings for Men, Personalized Ring, Brushed Ring","SKU duplicate: AYTR009. Winner: 4512042393",HIGH
4512009132,"Men's Tungsten Carbide Wedding Band, Black Tungsten Carbide Ring, Red Tungsten Carbide Ring, Wood Inlay Wedding Band, Available in 8mm","SKU duplicate: AYTR037. Winner: 895892476",HIGH
4512057672,"Men's Tungsten Carbide Wedding Band, Black Tungsten Carbide Ring, Red Tungsten Carbide Ring, Wood Inlay Wedding Band, Available in 8mm","SKU duplicate: AYTR037. Winner: 895892476",HIGH
803432898,"Men's Tungsten Carbide Wedding Band, Black Tungsten Carbide Ring, Red Tungsten Carbide Ring, Wood Inlay Wedding Band, Available in 8mm","SKU duplicate: AYTR037. Winner: 895892476",HIGH
4512056693,"Men's Damascus Steel Wedding Band, Silver Damascus Steel Ring, Wood Inlay Wedding Band, Available in 6mm, 8mm, Personalized Engraved Ring","SKU duplicate: AYTR064. Winner: 817713747",HIGH
4512056511,"Men's Tungsten Carbide Wedding Band, Black Tungsten Carbide Ring, Red Tungsten Carbide Ring, Available in 8mm, Personalized Engraved Ring","SKU duplicate: JDTR1141. Winner: 1822237177",HIGH
895890230,"Men's Tungsten Carbide Wedding Band, Black Tungsten Carbide Ring, Blue Tungsten Carbide Ring, Wood Inlay Wedding Band, Available in 8mm","SKU duplicate: AYTR038. Winner: 4512053733",HIGH
4512044030,"Men's Tungsten Carbide Wedding Band, Black Tungsten Carbide Ring, Blue Tungsten Carbide Ring, Wood Inlay Wedding Band, Available in 8mm","SKU duplicate: AYTR038. Winner: 4512053733",HIGH
803772710,"Men's Tungsten Carbide Wedding Band, Black Tungsten Carbide Ring, Blue Tungsten Carbide Ring, Wood Inlay Wedding Band, Available in 8mm","SKU duplicate: AYTR038. Winner: 4512053733",HIGH
683797309,"Men's Tungsten Carbide Wedding Band, Black Tungsten Carbide Ring, Available in 8mm, Personalized Engraved Ring, Comfort Fit, Free Engraving","SKU duplicate: JDTR822. Winner: 4512056151",HIGH
803811772,"Tungsten Wood Rings | Bocote Wood Wedding Band, Wood Engagement, Anniversary Ring, Silver Brushed Flat Tungsten Carbide Comfort Fit Ring","SKU duplicate: AYTR079. Winner: 4512055969",HIGH
602673677,"Tungsten Ring Black and Purple Tungsten Passionate Purple Beveled Edge Wedding Band","SKU duplicate: AYTR015. Winner: 4512057576",HIGH
532813855,"Men's Tungsten Carbide Wedding Band, Black Tungsten Carbide Ring, Silver Tungsten Carbide Ring, Carbon Fiber Wedding Band","SKU duplicate: JDTR124. Winner: 4512057440",HIGH
817722015,"Men's Tungsten Carbide Wedding Band, Wood Inlay Wedding Band, Available in 6mm, 8mm, Personalized Engraved Ring, Comfort Fit, Free Engraving","SKU duplicate: AYTR094. Winner: 4512056507",HIGH
4512056515,"Men's Tungsten Carbide Wedding Band, Black Tungsten Carbide Ring, Red Tungsten Carbide Ring, Available in 8mm, Personalized Engraved Ring","SKU duplicate: JDTR715. Winner: 512431720",HIGH
1219760135,"Men's Titanium Wedding Band, Black Titanium Ring, Silver Titanium Ring, Available in 6mm, 8mm, Personalized Engraved Ring, Comfort Fit","SKU duplicate: AYTR273. Winner: 1085041785",HIGH
4512054273,"Men's Titanium Wedding Band, Black Titanium Ring, Silver Titanium Ring, Available in 6mm, 8mm, Personalized Engraved Ring, Comfort Fit","SKU duplicate: AYTR273. Winner: 1085041785",HIGH
4512057886,"Men's Titanium Wedding Band, Black Titanium Ring, Silver Titanium Ring, Available in 6mm, 8mm, Personalized Engraved Ring, Comfort Fit","SKU duplicate: AYTR273. Winner: 1085041785",HIGH
1205809466,"Men's Damascus Steel Wedding Band, Silver Damascus Steel Ring, Purple Damascus Steel Ring, Available in 6mm, 8mm, Personalized Engraved Ring","SKU duplicate: AYTR135. Winner: 4512056742",HIGH
532818005,"Men's Tungsten Carbide Wedding Band, Silver Tungsten Carbide Ring, Available in 2mm, 4mm, 6mm, Personalized Engraved Ring, Comfort Fit","SKU duplicate: JDTR081. Winner: 4512055347",HIGH
519002454,"Men's Tungsten Carbide Wedding Band, Silver Tungsten Carbide Ring, Available in 2mm, 4mm, 6mm, Personalized Engraved Ring, Comfort Fit","SKU duplicate: JDTR081. Winner: 4512055347",HIGH
4512054103,"Men's Tungsten Carbide Wedding Band, Silver Tungsten Carbide Ring, Available in 2mm, 4mm, 6mm, Personalized Engraved Ring, Comfort Fit","SKU duplicate: JDTR081. Winner: 4512055347",HIGH
817676389,"Men's Tungsten Carbide Wedding Band, Black Tungsten Carbide Ring, Red Tungsten Carbide Ring, Wood Inlay Wedding Band, Available in 8mm","SKU duplicate: AYTR040. Winner: 4512054541",HIGH
4512054899,"Men's Tungsten Carbide Wedding Band, Black Tungsten Carbide Ring, Red Tungsten Carbide Ring, Wood Inlay Wedding Band, Available in 8mm","SKU duplicate: AYTR040. Winner: 4512054541",HIGH
895897698,"Men's Tungsten Carbide Wedding Band, Black Tungsten Carbide Ring, Red Tungsten Carbide Ring, Wood Inlay Wedding Band, Available in 8mm","SKU duplicate: AYTR040. Winner: 4512054541",HIGH
4512055489,"Men's Gold Wedding Band, Black Gold Ring, Gold Gold Ring, Available in 6mm, 8mm, 10mm, Personalized Engraved Ring, Comfort Fit","SKU duplicate: AYTR018. Winner: 1074430158",HIGH
4512057160,"Men's Damascus Steel Wedding Band, Silver Damascus Steel Ring, Red Damascus Steel Ring, Wood Inlay Wedding Band, Available in 8mm","SKU duplicate: AYTR058. Winner: 817677761",HIGH
816889242,"Tungsten Wedding Band Men | Tungsten Ring | Tungsten Ring Men | Tungsten Carbide Ring | Tungsten Wedding Ring | Black Blue Tungsten Band","SKU duplicate: JDTR839. Winner: 4512056494",HIGH
4512055033,"Men's Tungsten Carbide Wedding Band, Black Tungsten Carbide Ring, Blue Tungsten Carbide Ring, Available in 8mm, Personalized Engraved Ring","SKU duplicate: JDTR754. Winner: 522897325",HIGH
4512055477,"Men's Tungsten Carbide Wedding Band, Black Tungsten Carbide Ring, Gold Tungsten Carbide Ring, Available in 6mm, 8mm","SKU duplicate: JDTR880. Winner: 662897430",HIGH
526242435,"Men's Tungsten Carbide Wedding Band, Black Tungsten Carbide Ring, Silver Tungsten Carbide Ring, Available in 8mm, Personalized Engraved Ring","SKU duplicate: JDTR713. Winner: 4512055713",HIGH
4512056496,"Men's Tungsten Carbide Wedding Band, Black Tungsten Carbide Ring, Purple Tungsten Carbide Ring, Wood Inlay Wedding Band, Available in 8mm","SKU duplicate: AYTR216. Winner: 1071097564",HIGH
648781881,"Men's Silver Wedding Band, Black Silver Ring, Silver Silver Ring, Available in 8mm, Personalized Engraved Ring, Comfort Fit","SKU duplicate: AYTR026. Winner: 4512056968",HIGH
817708623,"Men's Wood Wedding Band, Black Wood Ring, Wood Inlay Wedding Band, Available in 8mm, Personalized Engraved Ring, Comfort Fit","SKU duplicate: AYTR052. Winner: 4512055349",HIGH
4512056734,"Men's Tungsten Carbide Wedding Band, Black Tungsten Carbide Ring, Brown Tungsten Carbide Ring, Wood Inlay Wedding Band, Available in 6mm","SKU duplicate: AYTR176. Winner: 1074212822",HIGH
4512055583,"Men's Tungsten Carbide Wedding Band, Silver Tungsten Carbide Ring, Blue Tungsten Carbide Ring, Available in 6mm, 8mm","SKU duplicate: JDTR692. Winner: 509472214",HIGH
803810154,"Men's Damascus Steel Wedding Band, Silver Damascus Steel Ring, Wood Inlay Wedding Band, Available in 8mm, Personalized Engraved Ring","SKU duplicate: AYTR059. Winner: 4512056610",HIGH
509101184,"Black Tungsten,Yellow Tungsten Ring,Mens Wedding Band, Engagement Band, Tungsten Band,Promise Ring, Anniversary Band,Brushed & Grooved","SKU duplicate: TR710. Winner: 4512055123",HIGH
1822238987,"Men's Tungsten Carbide Wedding Band, Black Tungsten Carbide Ring, Green Tungsten Carbide Ring, Available in 8mm, Personalized Engraved Ring","SKU duplicate: JDTR1127. Winner: 4512057158",HIGH
817721363,"Men's Tungsten Carbide Wedding Band, Silver Tungsten Carbide Ring, Wood Inlay Wedding Band, Available in 8mm, Personalized Engraved Ring","SKU duplicate: AYTR093. Winner: 4512056402",HIGH
817709229,"Men's Tungsten Carbide Wedding Band, Black Tungsten Carbide Ring, Wood Inlay Wedding Band, Available in 6mm, 8mm, Personalized Engraved Ring","SKU duplicate: AYTR053. Winner: 4512054547",HIGH
4512054099,"Brushed Wedding Band Tungsten Ring Classic Style Tungsten Carbide Wedding Ring","SKU duplicate: TR210. Winner: 519007892",HIGH
553095337,"Men's Tungsten Carbide Wedding Band, Black Tungsten Carbide Ring, Blue Tungsten Carbide Ring, Available in 4mm, 6mm, 8mm","SKU duplicate: AYTR007. Winner: 4512054281",HIGH
4512054097,"Men's Tungsten Carbide Wedding Band, Silver Tungsten Carbide Ring, Wood Inlay Wedding Band, Available in 6mm, 8mm","SKU duplicate: AYTR084. Winner: 817719867",HIGH
4512055900,"Men's Tungsten Carbide Wedding Band, Black Tungsten Carbide Ring, Wood Inlay Wedding Band, Available in 8mm, Personalized Engraved Ring","SKU duplicate: AYTR049. Winner: 817691631",HIGH
4512054901,"Men's Tungsten Carbide Wedding Band, Silver Tungsten Carbide Ring, Blue Tungsten Carbide Ring, Available in 6mm, 8mm","SKU duplicate: JDTR744. Winner: 523291361",HIGH
803819532,"Men's Wood Wedding Band, Silver Wood Ring, Wood Inlay Wedding Band, Available in 8mm, Personalized Engraved Ring, Comfort Fit","SKU duplicate: AYTR070. Winner: 4512054439",HIGH
514222670,"Men's Tungsten Carbide Wedding Band, Black Tungsten Carbide Ring, Red Tungsten Carbide Ring, Available in 6mm, 8mm","SKU duplicate: AYTR001. Winner: 4512056242",HIGH
4512056114,"Men's Tungsten Carbide Wedding Band, Black Tungsten Carbide Ring, Green Tungsten Carbide Ring, Available in 6mm, 8mm","SKU duplicate: AYTR030. Winner: 634954472",HIGH
4512056406,"Men's Tungsten Carbide Wedding Band, Black Tungsten Carbide Ring, Silver Tungsten Carbide Ring, Wood Inlay Wedding Band, Available in 8mm","SKU duplicate: AYTR065. Winner: 803437224",HIGH
4512056112,"Men's Tungsten Carbide Wedding Band, Black Tungsten Carbide Ring, Purple Tungsten Carbide Ring, Available in 6mm, 8mm","SKU duplicate: AYTR125. Winner: 1205794076",HIGH
634955052,"Men's Tungsten Carbide Wedding Band, Black Tungsten Carbide Ring, Purple Tungsten Carbide Ring, Available in 6mm, 8mm","SKU duplicate: AYTR032. Winner: 648784295",HIGH
4512044309,"Men's Tungsten Carbide Wedding Band, Black Tungsten Carbide Ring, Purple Tungsten Carbide Ring, Available in 6mm, 8mm","SKU duplicate: AYTR032. Winner: 648784295",HIGH
4512055778,"Men's Tungsten Carbide Wedding Band, Black Tungsten Carbide Ring, Purple Tungsten Carbide Ring, Available in 6mm, 8mm","SKU duplicate: AYTR032. Winner: 648784295",HIGH
4512055960,"Men's Tungsten Carbide Wedding Band, Black Tungsten Carbide Ring, Blue Tungsten Carbide Ring, Opal Inlay Wedding Band, Available in 8mm","SKU duplicate: JDTR1133. Winner: 1822239365",HIGH
4512055964,"Men's Tungsten Carbide Wedding Band, Black Tungsten Carbide Ring, Meteorite Wedding Band, Available in 8mm, Personalized Engraved Ring","SKU duplicate: JDTR1150. Winner: 1822237303",HIGH
4512055710,"Men's Tungsten Carbide Wedding Band, Black Tungsten Carbide Ring, Purple Tungsten Carbide Ring, Available in 6mm, 8mm, 10mm","SKU duplicate: AYTR388. Winner: 1219759759",HIGH
4512056238,"Men's Tungsten Carbide Wedding Band, Wood Inlay Wedding Band, Available in 6mm, 8mm, Personalized Engraved Ring, Comfort Fit, Free Engraving","SKU duplicate: AYTR081. Winner: 817717875",HIGH
1071082688,"Men's Tungsten Carbide Wedding Band, Black Tungsten Carbide Ring, Wood Inlay Wedding Band, Available in 6mm, 8mm, Personalized Engraved Ring","SKU duplicate: AYTR207. Winner: 4512054105",HIGH
1077633064,"Men's Tungsten Carbide Wedding Band, Black Tungsten Carbide Ring, Gold Tungsten Carbide Ring, Available in 8mm, Personalized Engraved Ring","SKU duplicate: JDTR933. Winner: 4512056118",HIGH
4512056330,"Men's Titanium Wedding Band, Silver Titanium Ring, Red Titanium Ring, Available in 6mm, 8mm, Personalized Engraved Ring, Comfort Fit","SKU duplicate: AYTR321. Winner: 1205804872",HIGH
4512053885,"Men's Tungsten Carbide Wedding Band, Wood Inlay Wedding Band, Available in 8mm, Personalized Engraved Ring, Comfort Fit, Free Engraving","SKU duplicate: AYTR083. Winner: 817719373",HIGH
4512056124,"Men's Tungsten Carbide Wedding Band, Black Tungsten Carbide Ring, Blue Tungsten Carbide Ring, Wood Inlay Wedding Band, Available in 8mm","SKU duplicate: JDTR1151. Winner: 1808040116",HIGH
817720389,"Men's Tungsten Carbide Wedding Band, Gunmetal Tungsten Carbide Ring, Wood Inlay Wedding Band, Available in 6mm, 8mm","SKU duplicate: AYTR091. Winner: 4512056408",HIGH
4512054543,"Men's Tungsten Carbide Wedding Band, Black Tungsten Carbide Ring, Silver Tungsten Carbide Ring, Wood Inlay Wedding Band, Available in 8mm","SKU duplicate: AYTR075. Winner: 803442190",HIGH
4512046168,"Fingerprint Jewelry | His and Her Fingerprint, Couples Ring, Promise Ring, Plus Engraved Ring, Personalized Ring, Anniversary Ring, Tungsten","SKU duplicate: AYTR006. Winner: 539293582",HIGH
4512006781,"Men's Tungsten Carbide Wedding Band, Black Tungsten Carbide Ring, Green Tungsten Carbide Ring, Available in 4mm, 6mm, 8mm","SKU duplicate: AYTR006. Winner: 539293582",HIGH
660954458,"Fingerprint Jewelry | His and Her Fingerprint, Couples Ring, Promise Ring, Plus Engraved Ring, Personalized Ring, Anniversary Ring, Tungsten","SKU duplicate: AYTR006. Winner: 539293582",HIGH
4512053879,"Men's Tungsten Carbide Wedding Band, Silver Tungsten Carbide Ring, Red Tungsten Carbide Ring, Wood Inlay Wedding Band, Available in 8mm","SKU duplicate: AYTR078. Winner: 817679601",HIGH
4512053603,"Men's Tungsten Carbide Wedding Band, Blue Tungsten Carbide Ring, Purple Tungsten Carbide Ring, Available in 6mm, 8mm, 10mm","SKU duplicate: AYTR413. Winner: 1219752759",HIGH
4512044853,"Men's Tungsten Carbide Wedding Band, Black Tungsten Carbide Ring, Gold Tungsten Carbide Ring, Available in 8mm, Personalized Engraved Ring","SKU duplicate: JDTR804. Winner: 661071949",HIGH
4512055444,"Men's Tungsten Carbide Wedding Band, Silver Tungsten Carbide Ring, Gold Tungsten Carbide Ring, Available in 2mm, 6mm, 8mm","SKU duplicate: AYTR016. Winner: 514631128",HIGH
674764297,"Fingerprint Jewelry | His & Her Fingerprint, Couples Ring, Promise Ring, Custom Engraved Ring, Personalized Ring, Anniversary Ring, Tungsten","SKU duplicate: AYTR005. Winner: 539295594",HIGH
4512017757,"Men's Tungsten Carbide Wedding Band, Black Tungsten Carbide Ring, Red Tungsten Carbide Ring, Available in 4mm, 6mm, 8mm","SKU duplicate: AYTR005. Winner: 539295594",HIGH
4512046160,"Fingerprint Jewelry | His & Her Fingerprint, Couples Ring, Promise Ring, Custom Engraved Ring, Personalized Ring, Anniversary Ring, Tungsten","SKU duplicate: AYTR005. Winner: 539295594",HIGH
647406724,"Tungsten Wedding Band, Black Tungsten Ring, Hammered, Grooved, Beveled Edges, Comfort Fit, Ring, Band, Anniversary Ring, Promise Ring, 8mm","SKU duplicate: JDTR594. Winner: 4512046170",HIGH
4512055442,"Men's Tungsten Carbide Wedding Band, Black Tungsten Carbide Ring, Blue Tungsten Carbide Ring, Available in 8mm, Personalized Engraved Ring","SKU duplicate: JDTR1161. Winner: 4315637099",HIGH
4512053881,"Men's Tungsten Carbide Wedding Band, Gold Tungsten Carbide Ring, Rose Gold Tungsten Carbide Ring, Available in 6mm, 8mm","SKU duplicate: JDTR600. Winner: 661243221",HIGH
803797922,"Men's Tungsten Carbide Wedding Band, Red Tungsten Carbide Ring, Green Tungsten Carbide Ring, Wood Inlay Wedding Band, Available in 8mm","SKU duplicate: AYTR088. Winner: 4512044601",HIGH
1071103086,"Men's Wood Wedding Band, Black Wood Ring, Brown Wood Ring, Wood Inlay Wedding Band, Available in 8mm, Personalized Engraved Ring","SKU duplicate: AYTR191. Winner: 4512053599",HIGH
1205805442,"GINGER | Tungsten Ring Orange Inside, Mens Tungsten Wedding Band, Tungsten Carbide Ring, Tungsten Ring Men Black, Personalized Ring","SKU duplicate: AYTR124. Winner: 4512046540",HIGH
4512044729,"Men's Tungsten Carbide Wedding Band, Black Tungsten Carbide Ring, Green Tungsten Carbide Ring, Available in 6mm, 8mm","SKU duplicate: AYTR640. Winner: 1205802792",HIGH
1219743137,"Men's Damascus Steel Wedding Band, Black Damascus Steel Ring, Orange Damascus Steel Ring, Available in 6mm, 8mm, Personalized Engraved Ring","SKU duplicate: AYTR129. Winner: 4512046338",HIGH
1808040228,"Men's Tungsten Carbide Wedding Band, Black Tungsten Carbide Ring, Red Tungsten Carbide Ring, Available in 8mm, Personalized Engraved Ring","SKU duplicate: JDTR1144. Winner: 4512045318",HIGH
661079605,"Black Tungsten Ring | Mens Wedding Band, Hammered Ring, Engagement Ring, Black Ring Tungsten, Mens Black Ring, Anniversary Ring, Couple Ring","SKU duplicate: JDTR793. Winner: 4512045594",HIGH
4512042391,"Men's Tungsten Carbide Wedding Band, Black Tungsten Carbide Ring, Opal Inlay Wedding Band, Available in 8mm, Personalized Engraved Ring","SKU duplicate: JDTR941. Winner: 4315662363",HIGH
4512044311,"Men's Tungsten Carbide Wedding Band, Black Tungsten Carbide Ring, Opal Inlay Wedding Band, Available in 8mm, Personalized Engraved Ring","SKU duplicate: JDTR941. Winner: 4315662363",HIGH
1077240530,"Men's Tungsten Carbide Wedding Band, Black Tungsten Carbide Ring, Opal Inlay Wedding Band, Available in 8mm, Personalized Engraved Ring","SKU duplicate: JDTR941. Winner: 4315662363",HIGH
4512043843,"Men's Tungsten Carbide Wedding Band, Black Tungsten Carbide Ring, Blue Tungsten Carbide Ring, Wood Inlay Wedding Band, Available in 6mm, 8mm","SKU duplicate: AYTR039. Winner: 817666425",HIGH
4512045922,"Men's Wood Wedding Band, Black Wood Ring, Brown Wood Ring, Wood Inlay Wedding Band, Available in 6mm, 8mm, Personalized Engraved Ring","SKU duplicate: AYTR182. Winner: 1085044235",HIGH
1219744809,"Men's Tungsten Carbide Wedding Band, Black Tungsten Carbide Ring, Red Tungsten Carbide Ring, Available in 8mm, Personalized Engraved Ring","SKU duplicate: AYTR256. Winner: 4512043607",HIGH
1205803360,"Men's Damascus Steel Wedding Band, Silver Damascus Steel Ring, Orange Damascus Steel Ring, Available in 6mm, 8mm, Personalized Engraved Ring","SKU duplicate: AYTR134. Winner: 4512043605",HIGH
4512045592,"Men's Tungsten Carbide Wedding Band, Silver Tungsten Carbide Ring, Blue Tungsten Carbide Ring, Wood Inlay Wedding Band, Available in 8mm","SKU duplicate: AYTR076. Winner: 817664513",HIGH
4512043723,"Men's Tungsten Carbide Wedding Band, Black Tungsten Carbide Ring, Red Tungsten Carbide Ring, Available in 8mm, Personalized Engraved Ring","SKU duplicate: JDTR934. Winner: 1077625394",HIGH
4512044201,"Men's Tungsten Carbide Wedding Band, Black Tungsten Carbide Ring, Blue Tungsten Carbide Ring, Available in 6mm, 8mm","SKU duplicate: AYTR659. Winner: 1219760109",HIGH
4512044081,"Men's Tungsten Carbide Wedding Band, Blue Tungsten Carbide Ring, Red Tungsten Carbide Ring, Wood Inlay Wedding Band, Available in 8mm","SKU duplicate: AYTR086. Winner: 817665283",HIGH
509474002,"Men's Tungsten Carbide Wedding Band, Black Tungsten Carbide Ring, Silver Tungsten Carbide Ring, Available in 8mm, Personalized Engraved Ring","SKU duplicate: JDTR704. Winner: 4512045720",HIGH
4512044307,"Men's Tungsten Carbide Wedding Band, Black Tungsten Carbide Ring, Available in 8mm, Personalized Engraved Ring, Comfort Fit, Free Engraving","SKU duplicate: JDTR603. Winner: 661078775",HIGH
1822237645,"Black Diamond Tungsten Wedding Band | 8mm Men’s Ring with Diamond Inlay | Matte Black Comfort Fit, Custom Engraved Ring for Him","SKU duplicate: JDTR1137. Winner: 4512043845",HIGH
522899269,"Men's Tungsten Carbide Wedding Band, Black Tungsten Carbide Ring, Gold Tungsten Carbide Ring, Available in 8mm, Personalized Engraved Ring","SKU duplicate: JDTR748. Winner: 4512042979",HIGH
512438248,"Black Tungsten Ring, Two tone Black Brushed Center & Silver Color Stepped Edge,  6mm, 8mm, Tungsten Carbide Wedding Ring","SKU duplicate: JDTR788. Winner: 4512042761",HIGH
4512043315,"Men's Tungsten Carbide Wedding Band, Silver Tungsten Carbide Ring, Blue Tungsten Carbide Ring, Carbon Fiber Wedding Band","SKU duplicate: JDTR1142. Winner: 1808040348",HIGH
4512043421,"Men's Tungsten Carbide Wedding Band, Black Tungsten Carbide Ring, Gold Tungsten Carbide Ring, Carbon Fiber Wedding Band, Available in 8mm","SKU duplicate: JDTR331. Winner: 661519637",HIGH
4512043113,"Men's Gold Wedding Band, Silver Gold Ring, Gold Gold Ring, Available in 6mm, 8mm, 10mm, Personalized Engraved Ring, Comfort Fit","SKU duplicate: AYTR514. Winner: 1205809654",HIGH
647238976,"Tungsten Wedding Band Men & Women Black Tungsten Wedding Band Anniversary Ring Brush Wedding Ring Comfort Fit Anniversary Band Promise Ring","SKU duplicate: JDTR085. Winner: 4512043415",HIGH
1219752199,"Men's Tungsten Carbide Wedding Band, Black Tungsten Carbide Ring, Red Tungsten Carbide Ring, Available in 8mm, Personalized Engraved Ring","SKU duplicate: AYTR265. Winner: 4512044956",HIGH
4512042873,"Men's Tungsten Carbide Wedding Band, Silver Tungsten Carbide Ring, Gold Tungsten Carbide Ring, Available in 6mm, 8mm, 10mm","SKU duplicate: AYTR515. Winner: 1219743529",HIGH
1205805478,"Tungsten Ring Green, Men's Tungsten Band, Men's Tungsten Ring, Tungsten Band, Men's Wedding Ring, Men's Wedding Band, Personalized Ring","SKU duplicate: AYTR143. Winner: 4512044268",HIGH
830782267,"Faceted Black Mens Tungsten Carbide Wedding Band with Off Set Rose Gold Groove, Silver Brushed Anniversary, Engagement, Promise Ring for Him","SKU duplicate: JDTR837. Winner: 4512044264",HIGH
4512043101,"Men's Damascus Steel Wedding Band, Black Damascus Steel Ring, Silver Damascus Steel Ring, Wood Inlay Wedding Band, Available in 8mm","SKU duplicate: AYTR055. Winner: 817653539",HIGH
1205809810,"Men's Tungsten Carbide Wedding Band, Black Tungsten Carbide Ring, Green Tungsten Carbide Ring, Available in 6mm, 8mm","SKU duplicate: AYTR591. Winner: 4512043109",HIGH
4512044674,"Men's Tungsten Carbide Wedding Band, Black Tungsten Carbide Ring, Available in 9mm, Personalized Engraved Ring, Comfort Fit, Free Engraving","SKU duplicate: JDTR608. Winner: 661244157",HIGH
4512044474,"Men's Tungsten Carbide Wedding Band, Available in 4mm, 6mm, 8mm, Fingerprint Ring, Custom Fingerprint Jewelry, Personalized Engraved Ring","SKU duplicate: JDTR015. Winner: 803871736",HIGH
526237977,"Tungsten Wedding Band, Mens Rose Gold Tungsten Ring, Domed & Gun Metal High Polished Center 8mm, Tungsten Carbide Ring","SKU duplicate: JDTR740. Winner: 4512044258",HIGH
4512043808,"Men's Ceramic Wedding Band, White Ceramic Ring, Purple Ceramic Ring, Wood Inlay Wedding Band, Available in 8mm, Personalized Engraved Ring","SKU duplicate: AYTR987. Winner: 1733308737",HIGH
817707937,"Men's Tungsten Carbide Wedding Band, Wood Inlay Wedding Band, Available in 6mm, 8mm, Personalized Engraved Ring, Comfort Fit, Free Engraving","SKU duplicate: AYTR051. Winner: 4512042503",HIGH
4512042177,"Men's Tungsten Carbide Wedding Band, Silver Tungsten Carbide Ring, Purple Tungsten Carbide Ring, Available in 6mm, 8mm, 10mm","SKU duplicate: AYTR145. Winner: 1219744527",HIGH
4512043912,"Men's Tungsten Carbide Wedding Band, Silver Tungsten Carbide Ring, Pink Tungsten Carbide Ring, Available in 6mm, 8mm","SKU duplicate: JDTR172. Winner: 519010084",HIGH
509472954,"Brushed Tungsten Ring Blue with Beveled Edges, Couples Tungsten Carbide Wedding Band, Anniversary, Engagement, Promise Ring for Him and Her","SKU duplicate: JDTR727. Winner: 4512044034",HIGH
510652228,"Blue Tungsten Wedding band, Mens Wedding Ring, Brushed Tungsten Ring, Polished Stepped Edge, Mens Tungsten Ring 6mm, Engagement Ring Promise","SKU duplicate: JDTR726. Winner: 4512044038",HIGH
647241320,"Tungsten Wedding Ring, Mens Women's Tungsten Ring, Rose Gold Tungsten Ting, 8mm, Men's Tungsten Ring, Brushed Domed Tungsten Band","SKU duplicate: JDTR599. Winner: 4512043910",HIGH
4512032847,"Men's Tungsten Carbide Wedding Band, Silver Tungsten Carbide Ring, Gold Tungsten Carbide Ring, Available in 6mm, 8mm","SKU duplicate: JDTR743. Winner: 661072565",HIGH
4512042163,"Men's Tungsten Carbide Wedding Band, Black Tungsten Carbide Ring, Available in 8mm, Personalized Engraved Ring, Comfort Fit, Free Engraving","SKU duplicate: JDTR1163. Winner: 4315607855",HIGH
4512043918,"Men's Tungsten Carbide Wedding Band, Silver Tungsten Carbide Ring, Gold Tungsten Carbide Ring, Available in 6mm, 8mm","SKU duplicate: JDTR696. Winner: 524466601",HIGH
803810924,"Men's Tungsten Carbide Wedding Band, Wood Inlay Wedding Band, Available in 8mm, Personalized Engraved Ring, Comfort Fit, Free Engraving","SKU duplicate: AYTR069. Winner: 4512042023",HIGH
803836306,"Tungsten Wood Rings | Snake Wood Wedding Band, Wood Engagement, Anniversary, Promise Silver Brushed Flat Tungsten Carbide Comfort Fit Ring","SKU duplicate: AYTR082. Winner: 4512032859",HIGH
4512034338,"Men's Tungsten Carbide Wedding Band, Blue Tungsten Carbide Ring, Orange Tungsten Carbide Ring, Available in 6mm, 8mm, 10mm","SKU duplicate: AYTR412. Winner: 1219759455",HIGH
1205804210,"IRONMAN | Orange Tungsten Ring Black Groove Stepped Edge, Mens Tungsten Wedding Band, Tungsten Carbide Ring, Tungsten Ring Men Black","SKU duplicate: AYTR387. Winner: 4512043576",HIGH
4512043678,"Men's Tungsten Carbide Wedding Band, Black Tungsten Carbide Ring, Gold Tungsten Carbide Ring, Available in 8mm, Personalized Engraved Ring","SKU duplicate: AYTR377. Winner: 1205809612",HIGH
669958022,"Tungsten Wedding Band Silver, Yellow Gold Double Braid Tungsten Ring,Mens Wedding Band Tungsten Carbide, Promise Rings for Him, Unique RIng","SKU duplicate: JDTR683. Winner: 4512033408",HIGH
4512033748,"Men's Tungsten Carbide Wedding Band, Black Tungsten Carbide Ring, Blue Tungsten Carbide Ring, Available in 8mm, Personalized Engraved Ring","SKU duplicate: JDTR775. Winner: 1842100856",HIGH
4512033902,"Men's Tungsten Carbide Wedding Band, Black Tungsten Carbide Ring, Gold Tungsten Carbide Ring, Available in 6mm, 8mm","SKU duplicate: AYTR641. Winner: 1219752847",HIGH
4512033752,"Fingerprint Jewelry | His and Her Fingerprint, Couples Ring, Promise Ring, Plus Engraved Ring, Personalized Ring, Anniversary Ring, Tungsten","SKU duplicate: JDTR792. Winner: 803888310",HIGH
817771559,"Fingerprint Jewelry | His and Her Fingerprint, Couples Ring, Promise Ring, Plus Engraved Ring, Personalized Ring, Anniversary Ring, Tungsten","SKU duplicate: JDTR332. Winner: 4512032145",HIGH
532808333,"Mens Wedding Band  Tungsten Ring  Silver High Polish with Green Black Carbon Fiber Inlay Beveled Edge 9mm Tungsten Carbide Wedding Ring","SKU duplicate: JDTR324. Winner: 4512032431",HIGH
4512033412,"Men's Tungsten Carbide Wedding Band, Silver Tungsten Carbide Ring, Purple Tungsten Carbide Ring, Available in 8mm","SKU duplicate: AYTR263. Winner: 1205803770",HIGH
4512032143,"Men's Tungsten Carbide Wedding Band, Silver Tungsten Carbide Ring, Purple Tungsten Carbide Ring, Available in 6mm, 8mm, 10mm","SKU duplicate: AYTR331. Winner: 1205809314",HIGH
4512031769,"Tungsten Ring Brushed Silver, Tungsten Carbide, Mens Wedding Band, Engagement Ring, Promise Ring, Rings for Men, Anniversary Ring, Mens Ring","SKU duplicate: JDTR045. Winner: 519005070",HIGH
512436046,"Brushed Silver Black Tungsten Ring Wedding Band Ring Tungsten Carbide 8mm 18K Tungsten Ring Man Male Women Anniversary Matching","SKU duplicate: TR675. Winner: 4512032001",HIGH
522893837,"Tungsten Wooden Rose Wood Ring, Mens Black Wedding Band, Black Mens Ring, Wood Inlay Tungsten , Black Tungsten Wedding Ring, Rings for Him","SKU duplicate: AYTR013. Winner: 4512033634",HIGH
1842100744,"Black Tungsten Ring with White CZ Diamonds - Beveled Edge Wedding Band - Luxury Comfort Fit - 8mm Width - Modern Design","SKU duplicate: JDTR1028. Winner: 4512032425",HIGH
4512031639,"Men's Silver Wedding Band, Black Silver Ring, Silver Silver Ring, Available in 8mm, Personalized Engraved Ring, Comfort Fit","SKU duplicate: AYTR029. Winner: 634953928",HIGH
4512034026,"Men's Tungsten Carbide Wedding Band, Black Tungsten Carbide Ring, Purple Tungsten Carbide Ring, Available in 8mm, Personalized Engraved Ring","SKU duplicate: JDTR1086. Winner: 1822237743",HIGH
4512033400,"Men's Tungsten Carbide Wedding Band, Silver Tungsten Carbide Ring, Orange Tungsten Carbide Ring, Available in 8mm","SKU duplicate: AYTR260. Winner: 1219744839",HIGH
4512033532,"Mens Tungsten Wedding Band Flat Brushed Center with High Polish Stepped Edge","SKU duplicate: JDTR354. Winner: 509106182",HIGH
523292385,"Blue Tungsten Ring with Hawaiian Koa Wood Inlay Beveled Edge 8mm Mens Wedding Band","SKU duplicate: JDTR752. Winner: 4512032632",HIGH
660954126,"Actual Fingerprint | Couples Ring, Forever Heart, Promise Ring, Engraved Ring, Anniversary Ring, Engagement Ring, Mens Wedding Band, Ring","SKU duplicate: AYTR012. Winner: 4512029927",HIGH
539296482,"Orange Tungsten Ring Mens Wedding Band Atomic Orange - 4mm, 6mm, 8mm, 10mm","SKU duplicate: AYTR012. Winner: 4512029927",HIGH
4512032636,"Men's Tungsten Carbide Wedding Band, Silver Tungsten Carbide Ring, Orange Tungsten Carbide Ring, Available in 4mm, 6mm, 8mm","SKU duplicate: AYTR012. Winner: 4512029927",HIGH
518984776,"Men's Wedding Band Tungsten Wedding Band Red Carbon Fiber Tungsten Ring Tungsten Carbide Men & Women Brush Black Ring Comfort Fit","SKU duplicate: JDTR205. Winner: 4512033090",HIGH
4512031369,"Men's Tungsten Carbide Wedding Band, Black Tungsten Carbide Ring, Blue Tungsten Carbide Ring, Available in 6mm, 8mm, Fingerprint Ring","SKU duplicate: JDTR902. Winner: 676748103",HIGH
510639990,"Tungsten Wedding Band Black Domed Brushed Center High Polished Beveled Edge","SKU duplicate: JDTR697. Winner: 4512033194",HIGH
885311147,"Black Tungsten Ring | Carbon Fiber Mens Wedding Band, Hammered Ring, Engagement Ring, Black Ring Tungsten, Mens Black Ring, Anniversary Ring","SKU duplicate: JDTR869. Winner: 4512030915",HIGH
4512030691,"Men's Damascus Steel Wedding Band, Silver Damascus Steel Ring, Wood Inlay Wedding Band, Available in 6mm, 8mm, Personalized Engraved Ring","SKU duplicate: AYTR061. Winner: 817711565",HIGH
4512031535,"Men's Tungsten Carbide Wedding Band, Silver Tungsten Carbide Ring, Gold Tungsten Carbide Ring, Available in 6mm, 8mm","SKU duplicate: AYTR367. Winner: 1219753255",HIGH
4512032156,"Men's Tungsten Carbide Wedding Band, Black Tungsten Carbide Ring, Silver Tungsten Carbide Ring, Available in 8mm, Personalized Engraved Ring","SKU duplicate: JDTR700. Winner: 526244355",HIGH
4512030841,"Men's Tungsten Carbide Wedding Band, Black Tungsten Carbide Ring, Blue Tungsten Carbide Ring, Available in 6mm, 8mm","SKU duplicate: AYTR539. Winner: 1205810566",HIGH
4512031365,"Men's Tungsten Carbide Wedding Band, Purple Tungsten Carbide Ring, Gunmetal Tungsten Carbide Ring, Available in 6mm, 8mm","SKU duplicate: AYTR150. Winner: 1219752479",HIGH
522902423,"Blue Tungsten Ring | Black Tungsten Band | Men's Wedding Band | Black Tungsten Ring | Blue Tungsten Band | Rings for Men | Personalized Ring","SKU duplicate: JDTR734. Winner: 4512032286",HIGH
4512032294,"Men's Titanium Wedding Band, Silver Titanium Ring, Red Titanium Ring, Available in 6mm, 8mm, Personalized Engraved Ring, Comfort Fit","SKU duplicate: AYTR110. Winner: 1205795278",HIGH
4512032630,"Men's Wood Wedding Band, Silver Wood Ring, Wood Inlay Wedding Band, Available in 8mm, Personalized Engraved Ring, Comfort Fit","SKU duplicate: AYTR080. Winner: 817705011",HIGH
4512030591,"Men's Tungsten Carbide Wedding Band, Silver Tungsten Carbide Ring, Blue Tungsten Carbide Ring, Available in 8mm, Personalized Engraved Ring","SKU duplicate: JDTR367. Winner: 526255301",HIGH
661241993,"Tungsten Wedding Band Yellow, Tungsten Wedding Ring Gold, Anniversary Ring, Mens Ring, Promise Ring,His & Her, Engagement Ring, Couples Ring","SKU duplicate: JDTR810. Winner: 4512031539",HIGH
4512031259,"Men's Tungsten Carbide Wedding Band, Gold Tungsten Carbide Ring, Pink Tungsten Carbide Ring, Available in 8mm, Personalized Engraved Ring","SKU duplicate: JDTR703. Winner: 509105132",HIGH
4512031529,"Men's Tungsten Carbide Wedding Band, Brown Tungsten Carbide Ring, Gunmetal Tungsten Carbide Ring, Wood Inlay Wedding Band, Available in 8mm","SKU duplicate: AYTR246. Winner: 1351010165",HIGH
4512032746,"Men's Tungsten Carbide Wedding Band, Black Tungsten Carbide Ring, Wood Inlay Wedding Band, Personalized Engraved Ring, Comfort Fit","SKU duplicate: AYTR041. Winner: 803800326",HIGH
830800425,"Silver Brushed Mens Tungsten Carbide Wedding Ring with Rose Gold Groove and Band, Anniversary, Engagement and Promise Rings for Him","SKU duplicate: JDTR836. Winner: 4512030697",HIGH
4512031033,"Men's Titanium Wedding Band, Silver Titanium Ring, Red Titanium Ring, Available in 6mm, 8mm, Personalized Engraved Ring, Comfort Fit","SKU duplicate: AYTR297. Winner: 1205805302",HIGH
526240319,"Black and Gold Tungsten Ring Black Center Grooved Gold Sides Tungsten Carbide","SKU duplicate: JDTR731. Winner: 4512032502",HIGH
4512031377,"Men's Tungsten Carbide Wedding Band, Black Tungsten Carbide Ring, Red Tungsten Carbide Ring, Available in 6mm, 8mm","SKU duplicate: AYTR615. Winner: 1205795136",HIGH
1219743177,"CRUSADER | Orange Tungsten Ring Green Groove Gold Beveled Edges, Mens Tungsten Wedding Band, Tungsten Carbide Ring, Tungsten Ring Men","SKU duplicate: AYTR505. Winner: 4512031379",HIGH
1219744055,"Titanium Ring Blue, Men's Wedding Band, Men's Wedding Ring, Titanium Band, Titanium Wedding Band, Hammered Titanium, Light Weight Ring","SKU duplicate: AYTR108. Winner: 4512032296",HIGH
1219754359,"NUTMEG | Tungsten Ring Orange Inside, Mens Tungsten Wedding Band, Tungsten Carbide Ring, Tungsten Ring Men,, Personalized Ring, Engraved","SKU duplicate: AYTR144. Winner: 4512030463",HIGH
661079893,"Black Brushed Mens Wedding Band with Silver Groove, Tungsten Carbide Rings for Him, His and Her Black Anniversary Comfort Fit Bands","SKU duplicate: JDTR701. Winner: 4512030459",HIGH
1205803224,"MISFIT | Purple Tungsten Ring Blue Groove Stepped Edge, Mens Wedding Band, Tungsten Carbide, Tungsten Wedding Ring, Tungsten Band, Mens Ring","SKU duplicate: AYTR660. Winner: 4512030333",HIGH
4512030211,"Men's Tungsten Carbide Wedding Band, Black Tungsten Carbide Ring, Blue Tungsten Carbide Ring, Available in 6mm, 8mm","SKU duplicate: AYTR436. Winner: 1219759809",HIGH
4512031906,"Men's Tungsten Carbide Wedding Band, Gold Tungsten Carbide Ring, Rose Gold Tungsten Carbide Ring, Available in 2mm, 4mm, 5mm","SKU duplicate: JDTR334. Winner: 526256379",HIGH
532801415,"Mens Wedding Band  Tungsten Ring  Silver High Polish with Blue Carbon Fiber Inlay 8mm Tungsten Carbide Wedding Ring","SKU duplicate: JDTR204. Winner: 4512031354",HIGH
1205809884,"TEMPLAR | Purple Tungsten Ring Green Groove Gold Beveled Edges, Mens Wedding Band, Tungsten Carbide, Tungsten Wedding Ring, Tungsten Band,","SKU duplicate: AYTR506. Winner: 4512030331",HIGH
634954696,"SHADOW | Tungsten Ring Black Orange Groove, Tungsten Band, Tungsten Carbide, Mens Wedding Band, Black Tungsten, Mens Ring, Personalized Ring","SKU duplicate: AYTR031. Winner: 4512031502",HIGH
1219758691,"TRIBAL | Orange Tungsten Ring Red Groove Gold Beveled Edges, Mens Tungsten Wedding Band, Tungsten Carbide Ring, Tungsten Ring Men , Engraved","SKU duplicate: AYTR357. Winner: 4512032066",HIGH
4512022078,"Men's Tungsten Carbide Wedding Band, Silver Tungsten Carbide Ring, Green Tungsten Carbide Ring, Available in 4mm, 6mm, 8mm","SKU duplicate: AYTR010. Winner: 553099247",HIGH
4512031362,"Men's Tungsten Carbide Wedding Band, Available in 6mm, 8mm, Fingerprint Ring, Custom Fingerprint Jewelry, Personalized Engraved Ring","SKU duplicate: AYTR010. Winner: 553099247",HIGH
674792981,"Personalized Ring | Two Fingerprint Ring, Actual Fingerprint, Anchor Symbol, Promise Ring, Engraved Ring, Anniversary Ring, Engagement Ring","SKU duplicate: AYTR010. Winner: 553099247",HIGH
4512030219,"Men's Tungsten Carbide Wedding Band, Black Tungsten Carbide Ring, Available in 6mm, 8mm, Personalized Engraved Ring, Comfort Fit","SKU duplicate: JDTR749. Winner: 661079285",HIGH
512436422,"Black IP Celtic Cut Out Design Inlay 8mm Tungsten Carbide Wedding Ring","SKU duplicate: JDTR674. Winner: 4512030061",HIGH
4512031356,"Men's Tungsten Carbide Wedding Band, Black Tungsten Carbide Ring, Silver Tungsten Carbide Ring, Available in 8mm, Personalized Engraved Ring","SKU duplicate: JDTR622. Winner: 661073527",HIGH
1219752389,"LYNX | Purple Tungsten Ring Red Groove Gold Beveled Edges, Mens Wedding Band, Tungsten Carbide, Tungsten Wedding Ring, Tungsten Band,","SKU duplicate: AYTR353. Winner: 4512032158",HIGH
4512029721,"Men's Tungsten Carbide Wedding Band, Silver Tungsten Carbide Ring, Pink Tungsten Carbide Ring, Personalized Engraved Ring, Comfort Fit","SKU duplicate: JDTR151. Winner: 518990008",HIGH
4512030067,"Men's Tungsten Carbide Wedding Band, Black Tungsten Carbide Ring, Red Tungsten Carbide Ring, Available in 6mm, 8mm","SKU duplicate: JDTR745. Winner: 524467763",HIGH
1219743503,"CITRUS | Titanium Ring Orange Inside, Titanium Band, Mens Titanium Wedding Band, Hammered Titanium Light Weight Ring, Personalized Ring","SKU duplicate: AYTR111. Winner: 4512030457",HIGH
4512030327,"Men's Tungsten Carbide Wedding Band, Black Tungsten Carbide Ring, Green Tungsten Carbide Ring, Available in 6mm, 8mm","SKU duplicate: AYTR002. Winner: 528029467",HIGH
803878882,"Fingerprint Jewelry | His and Her Fingerprint, Couples Ring, Promise Ring, Plus Engraved Ring, Personalized Ring, Anniversary Ring, Tungsten","SKU duplicate: JDTR020. Winner: 4512029719",HIGH
528048177,"Personalized Finger Print Brushed Finished Dog Tag w/ Name - Laser Engraved Finger Print Dog Tag","SKU duplicate: AYSSTAG. Winner: 541041099",HIGH
4512021740,"Personalized Finger Print Brushed Finished Dog Tag w/ Name - Laser Engraved Finger Print Dog Tag","SKU duplicate: AYSSTAG. Winner: 541041099",HIGH
4512018041,"Personalized Handwritten Dog Tag - Laser Engraved Handwritten Dog Tag","SKU duplicate: AYSSTAG. Winner: 541041099",HIGH
518997310,"Mens Wedding Band Hammered | Tungsten Ring Silver, Tungsten Carbide, Promise Rings, Engagement Rings, Anniversary Ring, Personalized Ring","SKU duplicate: JDTR177. Winner: 4512022086",HIGH
4512020715,"Men's Tungsten Carbide Wedding Band, Black Tungsten Carbide Ring, Purple Tungsten Carbide Ring, Available in 6mm, 8mm","SKU duplicate: AYTR120. Winner: 1219745003",HIGH
4512021752,"Men's Tungsten Carbide Wedding Band, Blue Tungsten Carbide Ring, Orange Tungsten Carbide Ring, Wood Inlay Wedding Band, Available in 6mm","SKU duplicate: AYTR087. Winner: 803792844",HIGH
4512020607,"Men's Tungsten Carbide Wedding Band, Gold Tungsten Carbide Ring, Available in 2mm, 4mm, 5mm, Personalized Engraved Ring, Comfort Fit","SKU duplicate: JDTR185. Winner: 532814209",HIGH
4512019495,"Men's Tungsten Carbide Wedding Band, Gold Tungsten Carbide Ring, Available in 2mm, 4mm, 5mm, Personalized Engraved Ring, Comfort Fit","SKU duplicate: JDTR185. Winner: 532814209",HIGH
532810197,"Mens Wedding Band  Tungsten Ring  High Polish Yellow Gold Plated Thin Band 2mm Tungsten Carbide Wedding Ring","SKU duplicate: JDTR185. Winner: 532814209",HIGH
4512021968,"Men's Tungsten Carbide Wedding Band, Silver Tungsten Carbide Ring, Orange Tungsten Carbide Ring, Available in 6mm, 8mm, 10mm","SKU duplicate: AYTR330. Winner: 1205795922",HIGH
4512020489,"Men's Tungsten Carbide Wedding Band, Black Tungsten Carbide Ring, Wood Inlay Wedding Band, Available in 8mm, Personalized Engraved Ring","SKU duplicate: AYTR043. Winner: 803825222",HIGH
4512021528,"Men's Tungsten Carbide Wedding Band, Black Tungsten Carbide Ring, Green Tungsten Carbide Ring, Available in 6mm, 8mm, 10mm","SKU duplicate: AYTR386. Winner: 1219743957",HIGH
646449939,"Wood Rings |  Whiskey Barrel Wood Ring, Wood Wedding Band, Wood Engagement Ring, Anniversary Ring, Black Wedding Band, Tungsten Carbide","SKU duplicate: AYTR024. Winner: 646450961",HIGH
4512008502,"Men's Tungsten Carbide Wedding Band, Black Tungsten Carbide Ring, Brown Tungsten Carbide Ring, Wood Inlay Wedding Band, Available in 6mm","SKU duplicate: AYTR024. Winner: 646450961",HIGH
4512021964,"Men's Tungsten Carbide Wedding Band, Black Tungsten Carbide Ring, Brown Tungsten Carbide Ring, Wood Inlay Wedding Band, Available in 6mm","SKU duplicate: AYTR024. Winner: 646450961",HIGH
4512019921,"Domed Black Brushed Mens Tungsten Carbide Wedding Band with Rose Gold Groove, Silver Brushed Anniversary, Engagement, Promise Ring for Him","SKU duplicate: JDTR838. Winner: 816884694",HIGH
1205793822,"Tungsten Ring Green, Men's Tungsten Band, Men's Tungsten Ring, Tungsten Band, Men's Wedding Ring, Men's Wedding Band, Personalized Ring","SKU duplicate: AYTR434. Winner: 4512021382",HIGH
1205802548,"PEACOCK | Green Tungsten Ring Red Groove","SKU duplicate: AYTR614. Winner: 4512020287",HIGH
4512022076,"Men's Tungsten Carbide Wedding Band, Black Tungsten Carbide Ring, Available in 6mm, 8mm, Personalized Engraved Ring, Comfort Fit","SKU duplicate: JDTR665. Winner: 526251287",HIGH
4512021524,"Men's Tungsten Carbide Wedding Band, Black Tungsten Carbide Ring, Red Tungsten Carbide Ring, Wood Inlay Wedding Band, Available in 8mm","SKU duplicate: AYTR085. Winner: 817327103",HIGH
803835048,"Tungsten Wood Rings | Whiskey Barrel Wood Wedding Ring, Wood Engagement, Anniversary Ring, Silver Brushed Domed Tungsten Carbide Comfort Fit","SKU duplicate: AYTR074. Winner: 4512019281",HIGH
4512019487,"Men's Tungsten Carbide Wedding Band, Black Tungsten Carbide Ring, Gold Tungsten Carbide Ring, Available in 6mm, 8mm","SKU duplicate: AYTR566. Winner: 1205803900",HIGH
4512021132,"Men's Tungsten Carbide Wedding Band, Black Tungsten Carbide Ring, Red Tungsten Carbide Ring, Wood Inlay Wedding Band, Available in 8mm","SKU duplicate: AYTR045. Winner: 803434560",HIGH
524454669,"Gun Metal, Mens Wedding Band Brushed, Tungsten Wedding Ring, Black Tungsten Carbide, Promise Ring, Anniversary Ring,Engagement Rings for Men","SKU duplicate: JDTR778. Winner: 4512021012",HIGH
634952800,"Orange Tungsten Carbide Wedding Band Comfort Fit Design Grooved","SKU duplicate: AYTR027. Winner: 4512019725",HIGH
647335116,"Tungsten Wedding Band, Black Wedding Band, Mens Wedding Band, Engraving, Anniversary, Brushed, Polished, Mens Ring, His Hers","SKU duplicate: JDTR115. Winner: 4512019283",HIGH
1219753587,"HARMONY | Purple Tungsten Ring Rose Gold Groove, Mens Wedding Band, Tungsten Carbide, Tungsten Wedding Ring, Tungsten Band, Mens Ring","SKU duplicate: AYTR373. Winner: 4512021244",HIGH
4512020342,"Fingerprint Jewelry | His and Her Fingerprint, Couples Ring, Promise Ring, Plus Engraved Ring, Personalized Ring, Anniversary Ring, Tungsten","SKU duplicate: JDTR100. Winner: 803881478",HIGH
661524043,"Rose Gold Tungsten Ring,Tungsten Meteorite Ring,Mens Wedding Band,Tungsten Band, Mens Ring,Wedding Band,Anniversary,Engagement,Promise Ring","SKU duplicate: JDTR625. Winner: 4512019055",HIGH
4512020538,"Men's Damascus Steel Wedding Band, Black Damascus Steel Ring, Silver Damascus Steel Ring, Wood Inlay Wedding Band, Available in 6mm, 8mm","SKU duplicate: AYTR063. Winner: 817712827",HIGH
803816290,"Wood Rings | Iron Wood Ring, Tungsten Carbide Wedding Band, Wood Engagement Ring, Anniversary Ring, Black Tungsten Promise Rings for Him","SKU duplicate: AYTR042. Winner: 4512019717",HIGH
4512019721,"Men's Tungsten Carbide Wedding Band, Black Tungsten Carbide Ring, Wood Inlay Wedding Band, Available in 8mm, Personalized Engraved Ring","SKU duplicate: AYTR050. Winner: 803818144",HIGH
4512020882,"Fingerprint Jewelry | His and Her Fingerprint, Couples Ring, Promise Ring, Plus Engraved Ring, Personalized Ring, Anniversary Ring, Tungsten","SKU duplicate: JDTR791. Winner: 817767195",HIGH
803833060,"Tungsten Wood Rings | Olive Wood Wedding Band, Wood Engagement, Anniversary Ring, Silver Brushed Domed Tungsten Carbide Comfort Fit Ring","SKU duplicate: AYTR071. Winner: 4512019287",HIGH
4512019483,"Men's Tungsten Carbide Wedding Band, Black Tungsten Carbide Ring, Red Tungsten Carbide Ring, Wood Inlay Wedding Band, Available in 8mm","SKU duplicate: AYTR048. Winner: 803794772",HIGH
634953648,"Mens Wedding Band Purple, Black Wedding Ring, Tungsten Ring 8mm, Engagement Ring, Promise Ring, Rings for Men, Rings for Women, Personalized","SKU duplicate: AYTR028. Winner: 4512019289",HIGH
694856924,"Personalized Ring | Two Fingerprint Ring, Actual Fingerprint, Anchor Symbol, Promise Ring, Engraved Ring, Anniversary Ring, Engagement Ring","SKU duplicate: JDTR800. Winner: 4512020888",HIGH
4512019916,"Men's Tungsten Carbide Wedding Band, Silver Tungsten Carbide Ring, Green Tungsten Carbide Ring, Available in 6mm, 8mm, 10mm","SKU duplicate: AYTR513. Winner: 1205804840",HIGH
1219743355,"Tungsten Ring Green, Men's Tungsten Band, Men's Tungsten Ring, Tungsten Band, Men's Wedding Ring, Men's Wedding Band, Personalized Ring","SKU duplicate: AYTR355. Winner: 4512018845",HIGH
1205802920,"Tungsten Ring Green, Men's Tungsten Band, Men's Tungsten Ring, Tungsten Band, Men's Wedding Ring, Men's Wedding Band, Personalized Ring","SKU duplicate: AYTR329. Winner: 4512018711",HIGH
4512018705,"Men's Tungsten Carbide Wedding Band, Silver Tungsten Carbide Ring, Blue Tungsten Carbide Ring, Carbon Fiber Wedding Band, Available in 8mm","SKU duplicate: JDTR158. Winner: 518986696",HIGH
817662471,"Tungsten Wood Rings | Red Blue Box Elder Wood Wedding Band, Wood Engagement, Anniversary Ring, Silver Brushed Domed Tungsten Carbide","SKU duplicate: AYTR066. Winner: 4512018497",HIGH
676764639,"Black Tungsten Ring, Men's Wedding Band, Tungsten Carbide, Mens Ring, Anniversary Ring, Promise Ring, Engagement Band, Rings for Men","SKU duplicate: JDTR823. Winner: 4512019914",HIGH
1205810588,"Tungsten Ring Green, Men's Tungsten Band, Men's Tungsten Ring, Tungsten Band, Men's Wedding Ring, Men's Wedding Band, Personalized Ring","SKU duplicate: AYTR375. Winner: 4512018847",HIGH
4512020036,"Men's Tungsten Carbide Wedding Band, Green Tungsten Carbide Ring, Gunmetal Tungsten Carbide Ring, Available in 6mm, 8mm","SKU duplicate: AYTR148. Winner: 1219760167",HIGH
4512019922,"Men's Tungsten Carbide Wedding Band, Silver Tungsten Carbide Ring, Green Tungsten Carbide Ring, Available in 6mm, 8mm","SKU duplicate: AYTR365. Winner: 1205795712",HIGH
4512018407,"Blue Brushed Tungsten Carbide Wedding Ring with Rose Gold Band, Gift for Anniversary, Engagement, Promise Rings for Him","SKU duplicate: JDTR862. Winner: 830752869",HIGH
662910772,"Tungsten Ring Silver, Double Groove Rope, Tungsten Carbide Wedding Band, Mens Wedding Ring, Promise Ring, Anniversary Band, Rings for Men","SKU duplicate: JDTR801. Winner: 4512019666",HIGH
1219753003,"Tungsten Ring Green, Men's Tungsten Band, Men's Tungsten Ring, Tungsten Band, Men's Wedding Ring, Men's Wedding Band, Personalized Ring","SKU duplicate: AYTR565. Winner: 4512018951",HIGH
1219758255,"VINTAGE | Purple Tungsten Ring Rose Gold Groove, Mens Wedding Band, Tungsten Carbide, Tungsten Wedding Ring, Tungsten Band, Mens Ring","SKU duplicate: AYTR638. Winner: 4512019590",HIGH
4512020256,"Men's Tungsten Carbide Wedding Band, Black Tungsten Carbide Ring, Red Tungsten Carbide Ring, Available in 6mm, 8mm","SKU duplicate: JDTR708. Winner: 512432994",HIGH
1219753647,"Tungsten Ring Green, Men's Tungsten Band, Men's Tungsten Ring, Tungsten Band, Men's Wedding Ring, Men's Wedding Band, Personalized Ring","SKU duplicate: AYTR118. Winner: 4512019158",HIGH
4512010306,"Men's Tungsten Carbide Wedding Band, Black Tungsten Carbide Ring, Blue Tungsten Carbide Ring, Available in 6mm, 8mm","SKU duplicate: AYTR538. Winner: 1219744425",HIGH
4512010298,"Men's Tungsten Carbide Wedding Band, Black Tungsten Carbide Ring, Silver Tungsten Carbide Ring, Available in 4mm, 6mm","SKU duplicate: AYTR095. Winner: 836243894",HIGH
4512010418,"Men's Damascus Steel Wedding Band, Silver Damascus Steel Ring, Green Damascus Steel Ring, Available in 6mm, 8mm, Personalized Engraved Ring","SKU duplicate: AYTR133. Winner: 1219753421",HIGH
4512019324,"Tungsten Wedding Band Men | Tungsten Ring Men | Tungsten Carbide Ring | Blue and Black Ring | Meteorite Ring | Rings for Men | Engraved Ring","SKU duplicate: JDTR969. Winner: 1091171223",HIGH
4512010000,"Men's Tungsten Carbide Wedding Band, Blue Tungsten Carbide Ring, Green Tungsten Carbide Ring, Available in 6mm, 8mm, 10mm","SKU duplicate: AYTR411. Winner: 1219759497",HIGH
4512010164,"Men's Tungsten Carbide Wedding Band, Black Tungsten Carbide Ring, Blue Tungsten Carbide Ring, Available in 6mm, 8mm","SKU duplicate: AYTR540. Winner: 1205805140",HIGH
803784778,"Flat Black Brushed Tungsten Wood Ring | Blue & Yellow Box Elder Wood Wedding Band, Wood Engagement, Anniversary Ring, Black Tungsten Carbide","SKU duplicate: AYTR047. Winner: 4512008753",HIGH
4512009155,"Men's Gold Wedding Band, Black Gold Ring, Gold Gold Ring, Available in 6mm, 8mm, Personalized Engraved Ring, Comfort Fit","SKU duplicate: AYTR563. Winner: 1219752225",HIGH
4512009147,"Men's Tungsten Carbide Wedding Band, Black Tungsten Carbide Ring, Blue Tungsten Carbide Ring, Wood Inlay Wedding Band, Available in 6mm, 8mm","SKU duplicate: AYTR054. Winner: 803828892",HIGH
4512010414,"Men's Tungsten Carbide Wedding Band, Black Tungsten Carbide Ring, Gold Tungsten Carbide Ring, Available in 8mm, Personalized Engraved Ring","SKU duplicate: JDTR746. Winner: 522899815",HIGH
817674113,"Tungsten Wood Rings | Blue and Yellow Box Elder Wood Wedding Band, Wood Engagement, Anniversary Ring, Silver Brushed Flat Tungsten Carbide","SKU duplicate: AYTR077. Winner: 4512010296",HIGH
1205804024,"Tungsten Ring Green, Men's Tungsten Band, Men's Tungsten Ring, Tungsten Band, Men's Wedding Ring, Men's Wedding Band, Personalized Ring","SKU duplicate: AYTR123. Winner: 4512010308",HIGH
4512008749,"Men's Tungsten Carbide Wedding Band, Black Tungsten Carbide Ring, Available in 8mm, Personalized Engraved Ring, Comfort Fit, Free Engraving","SKU duplicate: JDTR1011. Winner: 4315672219",HIGH
1205803392,"Red Tungsten Ring, Men's Tungsten Wedding Band, Men's Black Wedding Band, Black Tungsten Ring, Tungsten, Tungsten Band, Personalized Ring","SKU duplicate: AYTR437. Winner: 4512008759",HIGH
528039519,"Black Tungsten Ring | Blue Tungsten Ring | Men's Tungsten Band | Black Tungsten Band | Rings for Men | Personalized Ring | Engraved Ring","SKU duplicate: AYTR014. Winner: 4512008003",HIGH
647689242,"Tungsten Ring, Black Wedding Band, Tungsten Carbide 8mm, Engagement, Rings for Men, Black Ring, Promise Ring,Mens, Women, Hammered,","SKU duplicate: JDTR699. Winner: 4512008125",HIGH
1073324052,"Black Tungsten Ring | Men's Wedding Band | Purple Tungsten | Gift for Him | Black Tungsten | Men's Tungsten Band | Personalized Ring","SKU duplicate: AYTR261. Winner: 4512009692",HIGH
1071099906,"Red Burl Wood | Tungsten Ring Black | Men's Wedding Band | Tungsten Wedding Ring | Tungsten Carbide | Tungsten Promise Band | Gift for Him","SKU duplicate: AYTR227. Winner: 4512007891",HIGH
909822489,"Black Hammered Tungsten Green Groove, Men's Tungsten Wedding Band, Comfort Fit Tungsten Carbide | Wedding, Promise and Anniversary Ring Men","SKU duplicate: AYTR115. Winner: 4512008299",HIGH
4512008535,"Men's Tungsten Carbide Wedding Band, Black Tungsten Carbide Ring, Orange Tungsten Carbide Ring, Available in 4mm, 6mm, 8mm","SKU duplicate: AYTR008. Winner: 539294916",HIGH
4512008295,"Men's Damascus Steel Wedding Band, Silver Damascus Steel Ring, Blue Damascus Steel Ring, Wood Inlay Wedding Band, Available in 6mm, 8mm","SKU duplicate: AYTR057. Winner: 803786078",HIGH
4512009554,"Men's Tungsten Carbide Wedding Band, Silver Tungsten Carbide Ring, Wood Inlay Wedding Band, Available in 6mm, 8mm","SKU duplicate: AYTR073. Winner: 817715617",HIGH
4512009810,"Men's Damascus Steel Wedding Band, Silver Damascus Steel Ring, Blue Damascus Steel Ring, Wood Inlay Wedding Band, Available in 8mm","SKU duplicate: AYTR056. Winner: 817660461",HIGH
1219743881,"Red Tungsten Ring, Men's Tungsten Wedding Band, Men's Black Wedding Band, Black Tungsten Ring, Tungsten, Tungsten Band, Personalized Ring","SKU duplicate: AYTR637. Winner: 4512009348",HIGH
4512009924,"Men's Tungsten Carbide Wedding Band, Black Tungsten Carbide Ring, Blue Tungsten Carbide Ring, Available in 6mm, 8mm","SKU duplicate: AYTR541. Winner: 1205805216",HIGH
4512009236,"Men's Tungsten Carbide Wedding Band, Black Tungsten Carbide Ring, Red Tungsten Carbide Ring, Available in 6mm, 8mm, 10mm","SKU duplicate: AYTR389. Winner: 1205793748",HIGH
1219753603,"HAMLET | Purple Tungsten Ring Green Groove, Mens Wedding Band, Tungsten Carbide, Tungsten Wedding Ring, Tungsten Band, Personalized Ring","SKU duplicate: AYTR588. Winner: 4512007885",HIGH
4512009234,"Black Brushed Mens Tungsten Carbide Wedding Ring with Rose Gold Band Grooved, Gift for Anniversary and Engagement, Promise Rings for Him","SKU duplicate: JDTR867. Winner: 830757627",HIGH
4512008219,"Men's Tungsten Carbide Wedding Band, Silver Tungsten Carbide Ring, Gold Tungsten Carbide Ring, Available in 8mm, Personalized Engraved Ring","SKU duplicate: JDTR366. Winner: 512445894",HIGH
532812337,"Tungsten Rose Gold Wedding Band | Tungsten Ring Women | Womens Engagement | Thin Rose Gold Ring | 2mm Tungsten Ring","SKU duplicate: JDTR206. Winner: 4512008533",HIGH
1219744609,"Tungsten Ring Purple, Men's Tungsten Band, Men's Tungsten Ring, Tungsten Band, Men's Wedding Ring, Men's Wedding Band, Hammered Wedding Band","SKU duplicate: AYTR262. Winner: 4512009808",HIGH
4512008221,"Men's Tungsten Carbide Wedding Band, Silver Tungsten Carbide Ring, Red Tungsten Carbide Ring, Available in 8mm, Personalized Engraved Ring","SKU duplicate: JDTR595. Winner: 647406472",HIGH
803830342,"Damascus Steel Wood Rings | Snake Wood Wedding Band, Wood Engagement, Anniversary Ring, Silver Domed Brushed Comfort Fit Promise Ring","SKU duplicate: AYTR062. Winner: 4512008433",HIGH
4512007893,"Men's Tungsten Carbide Wedding Band, Silver Tungsten Carbide Ring, Green Tungsten Carbide Ring, Available in 6mm, 8mm","SKU duplicate: AYTR504. Winner: 1205810038",HIGH
816878130,"Tungsten Ring Men | Tungsten Wedding Band Men | Tungsten Carbide Ring | Tungsten Wedding Ring | Men's Wedding Band | Personalized Ring","SKU duplicate: JDTR849. Winner: 4512007429",HIGH
817716549,"Tungsten Wood Rings | Snake Wood Wedding Ring, Wood Engagement, Anniversary Ring, Silver Brushed Domed Tungsten Carbide Comfort Fit Band","SKU duplicate: AYTR072. Winner: 4512009008",HIGH
4512007657,"Half Faceted Black Mens Tungsten Carbide Wedding Band with Off Set Rose Gold Groove, Silver Brushed Anniversary, Engagement, Promise Rings","SKU duplicate: JDTR841. Winner: 816899866",HIGH
1205803974,"Damascus Steel Ring, Mens Wedding Band, Mens Wedding Ring, Green Ring, Damascus Wedding Band Men, Personalized Ring, Mens Ring, Mens Band","SKU duplicate: AYTR128. Winner: 4512007531",HIGH
817694807,"Gun Metal Tungsten Wood Rings | Bocote Wood Wedding Band, Wood Engagement, Anniversary Ring, Grooved Flat Tungsten Carbide Promise Ring","SKU duplicate: AYTR089. Winner: 4512008504",HIGH
4512008604,"Men's Tungsten Carbide Wedding Band, Black Tungsten Carbide Ring, Red Tungsten Carbide Ring, Available in 6mm, 8mm","SKU duplicate: AYTR616. Winner: 1219758977",HIGH
4512007223,"Men's Damascus Steel Wedding Band, Black Damascus Steel Ring, Purple Damascus Steel Ring, Available in 6mm, 8mm, Personalized Engraved Ring","SKU duplicate: AYTR130. Winner: 1219757849",HIGH
512434714,"Hawaiian Koa Wood Inlay, Tungsten Ring, Black Wedding Band, Mens Wedding Ring, Tungsten Carbide, Rings for Him and Her, Personalized Rings","SKU duplicate: JDTR809. Winner: 4512008688",HIGH
1219743029,"Red Tungsten Ring, Men's Tungsten Wedding Band, Men's Black Wedding Band, Black Tungsten Ring, Tungsten, Tungsten Band, Personalized Ring","SKU duplicate: AYTR612. Winner: 4512008790",HIGH
1085035169,"Multicolor Box Elder Wood | Tungsten Ring | Mens Wedding Band | Black Wedding Ring | Tungsten Carbide | Wood Wedding Band | Gift for Him","SKU duplicate: AYTR242. Winner: 4512007431",HIGH
4512007341,"Men's Tungsten Carbide Wedding Band, Black Tungsten Carbide Ring, Blue Tungsten Carbide Ring, Wood Inlay Wedding Band","SKU duplicate: AYTR046. Winner: 803773576",HIGH
640727372,"Mens Wood Ring | Box Elder Wood, Mens Ring, Wood Wedding Band, Engagement Ring, Wood Inlay Ring, Unique Ring, Promise Ring, Black Ring","SKU duplicate: AYTR035. Winner: 4512008508",HIGH
1205804618,"Tungsten Ring Green, Men's Tungsten Band, Men's Tungsten Ring, Tungsten Band, Men's Wedding Ring, Men's Wedding Band, Personalized Ring","SKU duplicate: AYTR658. Winner: 4512008606",HIGH
532676064,"Rose Gold Tungsten,Mens Wedding Band,Tungsten Ring,Wedding Rings,Comfort Fit,Men & Women Ring,Engagement Ring,Promise Ring,Tungsten Band","SKU duplicate: JDTR787. Winner: 4512007653",HIGH
4512008424,"Men's Tungsten Carbide Wedding Band, Black Tungsten Carbide Ring, Green Tungsten Carbide Ring, Available in 6mm, 8mm","SKU duplicate: AYTR590. Winner: 1205804378",HIGH
830768771,"Tungsten Ring | Tungsten Wedding Band Men | Tungsten Carbide Ring | Men's Wedding Band | Hammered Tungsten Band | Personalized Engraved Ring","SKU duplicate: JDTR853. Winner: 4512008890",HIGH
4512007655,"Men's Tungsten Carbide Wedding Band, Silver Tungsten Carbide Ring, Gold Tungsten Carbide Ring, Available in 6mm, 8mm, 10mm","SKU duplicate: AYTR312. Winner: 514632860",HIGH
522897925,"Mens Tungsten Ring, Two tone Black Inside & Rose Gold Hammered Finish with Black Center Groove Stepped Edge 8mm Tungsten","SKU duplicate: JDTR751. Winner: 4512007964",HIGH
4512007854,"Men's Titanium Wedding Band, Red Titanium Ring, Wood Inlay Wedding Band, Available in 6mm, 8mm, Personalized Engraved Ring, Comfort Fit","SKU duplicate: AYTR096. Winner: 843459196",HIGH
654560271,"Wood Wedding Band | Zebra Wooden Ring, Mens Wood Ring, Promise Ring, Engagement Rings Men, Alternative Ring, Wedding Ring, Tungsten Carbide","SKU duplicate: AYTR036. Winner: 4512006919",HIGH
4512007035,"Men's Tungsten Carbide Wedding Band, Black Tungsten Carbide Ring, Red Tungsten Carbide Ring, Available in 8mm, Personalized Engraved Ring","SKU duplicate: AYTR259. Winner: 1219744927",HIGH
647691302,"Black Tungsten Wedding Band, Tungsten Men's Wedding Ring, Celtic Cut Out Design Inlay 8mm Tungsten Carbide, Anniversary Band,Engagement Ring","SKU duplicate: JDTR722. Winner: 4512008336",HIGH
803791040,"Tungsten Ring | Blue and Yellow Box Elder Wood | Tungsten Wedding Band | Men's Wedding Ring | Tungsten Band | Men's Tungsten Ring","SKU duplicate: AYTR067. Winner: 4512008090",HIGH
817700609,"Damascus Steel Wood Rings | Iron Wood Wedding Band, Wood Engagement, Anniversary Ring, Silver Domed Brushed Comfort Fit Promise Ring","SKU duplicate: AYTR060. Winner: 4512006681",HIGH
526239437,"Rose Gold Tungsten Carbide Wedding Band, His and Her Engagement, Promise, Anniversary Band, Rose Tungsten 6mm and 8mm Rings for Him","SKU duplicate: JDTR812. Winner: 4512007860",HIGH
1205805248,"JAWS | Hammered Titanium Ring Blue, Titanium Band, Mens Titanium Wedding Band, Hammered Titanium Light Weight Ring, Personalized Ring","SKU duplicate: AYTR285. Winner: 4512008418",HIGH
4512008086,"Men's Tungsten Carbide Wedding Band, Orange Tungsten Carbide Ring, Gunmetal Tungsten Carbide Ring, Available in 6mm, 8mm","SKU duplicate: AYTR149. Winner: 1219760197",HIGH
830801879,"Silver & Rose Gold Brushed Mens Tungsten Carbide Wedding band with Off Set Rose Gold Groove, Anniversary, Engagement, Promise Rings for Him","SKU duplicate: JDTR840. Winner: 4512008332",HIGH
1219743321,"Red Tungsten Ring, Men's Tungsten Wedding Band, Men's Black Wedding Band, Black Tungsten Ring, Tungsten, Tungsten Band, Personalized Ring","SKU duplicate: AYTR587. Winner: 4512006583",HIGH