Title,Description,Tags,Materials,Section,Price,Quantity,SKU,Variation 1,V1 Option,Variation 2,V2 Option,Return policy,Weight,Photo 1,Photo 2,Photo 3,Photo 4,Photo 5,Photo 6,Photo 7,Photo 8,Photo 9,Photo 10
"AURION | Gold Tungsten Beveled Ring","The Gold Tungsten Beveled The AURION uses tungsten carbide as its base, giving the ring a solid feel and a clean daily-wear shape. The beveled detail gives the band its visual identity, while the beveled profile keeps the design structured and easy to wear. Who It's For The AURION is for the buyer who wants a ring with a clear point of view without making the design feel overdone. You want something that looks intentional, holds up visually, and feels right as an everyday wedding band. Key Features Gold tungsten carbide construction with beveled detail Beveled profile Comfort-fit interior Inside engraving available Inspected before shipping","8mm,Best_Sellers_Wave1,Beveled Ring,Brand: Aydins,Color_Gold,Comfort Fit,Gold Foil,Gold Tungsten,Gold Tungsten Ring,gold wedding bands,inside,mens wedding band,Tungsten","Gold",Tungsten Rings,169,150,"JDTR1166-8-7",Ring size,"10,10.5,11,11.5,12,12.5,13,14,15,7,7.5,8,8.5,9,9.5",Width,"8mm",30 days,"2 oz","https://cdn.shopify.com/s/files/1/1857/8135/files/aurion-gold-tungsten-ring-gold-foil-inlay-beveled-8mm-rings-aydins-jewelry-707510.jpg?v=1737240602","https://cdn.shopify.com/s/files/1/1857/8135/files/aurion-gold-tungsten-ring-gold-foil-inlay-beveled-8mm-rings-aydins-jewelry-7843659.jpg?v=1764331567","https://cdn.shopify.com/s/files/1/1857/8135/files/aurion-gold-tungsten-ring-gold-foil-inlay-beveled-8mm-rings-aydins-jewelry-9355760.jpg?v=1764331567","https://cdn.shopify.com/s/files/1/1857/8135/files/aurion-gold-tungsten-ring-gold-foil-inlay-beveled-8mm-rings-aydins-jewelry-9339789.jpg?v=1764331568","https://cdn.shopify.com/s/files/1/1857/8135/files/aurion-gold-tungsten-ring-gold-foil-inlay-beveled-8mm-rings-aydins-jewelry-2391834.jpg?v=1764331568","https://cdn.shopify.com/s/files/1/1857/8135/files/aurion-gold-tungsten-ring-gold-foil-inlay-beveled-8mm-rings-aydins-jewelry-249133.jpg?v=1764311361","https://cdn.shopify.com/s/files/1/1857/8135/files/aurion-gold-tungsten-ring-gold-foil-inlay-beveled-8mm-rings-aydins-jewelry-573533.jpg?v=1764311361","https://cdn.shopify.com/s/files/1/1857/8135/files/aurion-gold-tungsten-ring-gold-foil-inlay-beveled-8mm-rings-aydins-jewelry-561405.jpg?v=1764311361"
"AURIC | Gold Tungsten Ring","The Gold Tungsten Finish The AURIC uses tungsten carbide as its base, giving the ring a solid feel and a clean daily-wear shape. The clean tungsten surface gives the band its visual identity, while the comfort fit profile keeps the design structured and easy to wear. Who It's For The AURIC is for the buyer who wants a ring with a clear point of view without making the design feel overdone. You want something that looks intentional, holds up visually, and feels right as an everyday wedding band. Key Features Gold tungsten carbide construction with clean tungsten surface Comfort fit profile Comfort-fit interior Inside engraving available Inspected before shipping","8mm,Best_Sellers_Wave1,Brand: Aydins,Clean Ring,Color_Black,Color_Gold,Color_Silver,Comfort Fit,Comfort fit Ring,Gold Foil,Gold Tungsten,inside,mens wedding band","Gold",Tungsten Rings,169,150,"JDTR1122-8-7",Ring size,"10,10.5,11,11.5,12,12.5,13,14,15,7,7.5,8,8.5,9,9.5",Width,"8mm",30 days,"2 oz","https://cdn.shopify.com/s/files/1/1857/8135/files/auric-silver-tungsten-ring-whiteblack-and-gold-foil-resin-inlay-rings-aydins-jewelry-215884.jpg?v=1737494011","https://cdn.shopify.com/s/files/1/1857/8135/files/auric-silver-tungsten-ring-whiteblack-and-gold-foil-resin-inlay-rings-aydins-jewelry-7505672.jpg?v=1767035896","https://cdn.shopify.com/s/files/1/1857/8135/files/auric-silver-tungsten-ring-whiteblack-and-gold-foil-resin-inlay-rings-aydins-jewelry-1034425.jpg?v=1767035915","https://cdn.shopify.com/s/files/1/1857/8135/files/auric-silver-tungsten-ring-whiteblack-and-gold-foil-resin-inlay-rings-aydins-jewelry-4654748.jpg?v=1767035915","https://cdn.shopify.com/s/files/1/1857/8135/files/auric-silver-tungsten-ring-whiteblack-and-gold-foil-resin-inlay-rings-aydins-jewelry-850819.jpg?v=1764269053","https://cdn.shopify.com/s/files/1/1857/8135/files/auric-silver-tungsten-ring-whiteblack-and-gold-foil-resin-inlay-rings-aydins-jewelry-792506.jpg?v=1764269053","https://cdn.shopify.com/s/files/1/1857/8135/files/auric-silver-tungsten-ring-whiteblack-and-gold-foil-resin-inlay-rings-aydins-jewelry-453075.jpg?v=1764269053","https://cdn.shopify.com/s/files/1/1857/8135/files/restaged_bd7a0d4b-ffe6-463d-8124-25d0b97b68a6.jpg?v=1780563660"
"ELYSIAN | Black Titanium Wedding Band - Brushed & Polished","ELYSIAN | Black Titanium Wedding Band - Brushed &amp; Polished - Titanium Men's Wedding Band Color: Black Available Sizes: 5 - 15, including half sizes Width: 6mm The ELYSIAN | Black Titanium Wedding Band - Brushed &amp; Polished is a black titanium men's wedding band with a brushed finish and domed profile. Crafted for comfort and built to last, the ELYSIAN | Black Titanium Wedding Band - Brushed &amp; Polished is hand-finished in our Irving, Texas shop and ships free with a lifetime warranty. Key Features Material: Titanium Finish: Brushed Profile: Domed Fit: Comfort Fit Width: 6mm Color: Black Engraving: Free Inside Laser Engraving Available Warranty: Lifetime warranty against manufacturing defects Care Instructions Titanium is hypoallergenic and lightweight - wipe clean with a soft cloth. Highly durable but can scratch under heavy abrasion. Why Aydins? Hand-finished in our Irving, Texas shop since 2011. Every ring ships free with a lifetime warranty and hassle-free exchanges. Frequently Asked Questions What color is the ELYSIAN | Black Titanium Wedding Band - Brushed &amp; Polished ring? The ELYSIAN | Black Titanium Wedding Band - Brushed &amp; Polished is black. What sizes does the ELYSIAN | Black Titanium Wedding Band - Brushed &amp; Polished come in? The ELYSIAN | Black Titanium Wedding Band - Brushed &amp; Polished is available in sizes 5 - 15, including half sizes. Is the ELYSIAN | Black Titanium Wedding Band - Brushed &amp; Polished comfortable for daily wear? Yes - the ELYSIAN | Black Titanium Wedding Band - Brushed &amp; Polished features a comfort fit interior with smooth, rounded edges designed for all-day wear. Is the ELYSIAN | Black Titanium Wedding Band - Brushed &amp; Polished hypoallergenic? Yes - titanium is hypoallergenic and a great option for sensitive skin. How durable is the ELYSIAN | Black Titanium Wedding Band - Brushed &amp; Polished? Built for daily wear - see the care instructions above for material-specific guidance, and every ring carries our lifetime warranty against manufacturing defects. What is Aydins' return and exchange policy? Free exchanges within 30 days. Extended exchanges available up to 365+ days. Lifetime warranty on manufacturing defects. Full details at shopaydins.com/policies. { "@context": "https://schema.org", "@type": "FAQPage", "mainEntity": [ { "@type": "Question", "name": "What color is the ELYSIAN | Black Titanium Wedding Band \u2013 Brushed & Polished ring?", "acceptedAnswer": { "@type": "Answer", "text": "The ELYSIAN | Black Titanium Wedding Band \u2013 Brushed & Polished is black." } }, { "@type": "Question", "name": "What sizes does the ELYSIAN | Black Titanium Wedding Band \u2013 Brushed & Polished come in?", "acceptedAnswer": { "@type": "Answer", "text": "The ELYSIAN | Black Titanium Wedding Band \u2013 Brushed & Polished is available in sizes 5 \u2013 15, including half sizes." } }, { "@type": "Question", "name": "Is the ELYSIAN | Black Titanium Wedding Band \u2013 Brushed & Polished comfortable for daily wear?", "acceptedAnswer": { "@type": "Answer", "text": "Yes \u2014 the ELYSIAN | Black Titanium Wedding Band \u2013 Brushed & Polished features a comfort fit interior with smooth, rounded edges designed for all-day wear." } }, { "@type": "Question", "name": "Is the ELYSIAN | Black Titanium Wedding Band \u2013 Brushed & Polished hypoallergenic?", "acceptedAnswer": { "@type": "Answer", "text": "Yes \u2014 titanium is hypoallergenic and a great option for sensitive skin." } }, { "@type": "Question", "name": "How durable is the ELYSIAN | Black Titanium Wedding Band \u2013 Brushed & Polished?", "acceptedAnswer": { "@type": "Answer", "text": "Built for daily wear \u2014 see the care instructions above for material-specific guidance, and every ring carries our lifetime warranty against manufacturing defects." } }, { "@type": "Question", "name": "What is Aydins' return and exchange policy?", "acceptedAnswer": { "@type": "Answer", "text": "Free exchanges within 30 days. Extended exchanges available up to 365+ days. Lifetime warranty on manufacturing defects. Full details at shopaydins.com/policies." } } ] }","6mm,8mm,Best_Sellers_Wave1,Black Mens Wedding B,Black Rings,Brand: Aydins,color-black,color-fixed-2026,Couples Ring,Inside & Outside,Mens Rings,Stylish Ring,Titanium","Titanium",Titanium Wedding Bands,159.99,380,"AYTI004-6-5",Ring size,"10,10.5,11,11.5,12,12.5,13,13.5,14,14.5,15,5,5.5,6,6.5,7,7.5,8,8.5,9,9.5",Width,"6MM,8MM",30 days,"2 oz","https://cdn.shopify.com/s/files/1/1857/8135/files/elysian-black-titanium-wedding-band-brushed-polished-rings-aydins-jewelry-507121.jpg?v=1750901468","https://cdn.shopify.com/s/files/1/1857/8135/files/elysian-black-titanium-wedding-band-brushed-polished-rings-aydins-jewelry-508765.png?v=1750901469","https://cdn.shopify.com/s/files/1/1857/8135/files/elysian-black-titanium-wedding-band-brushed-polished-rings-aydins-jewelry-117296.jpg?v=1750901469","https://cdn.shopify.com/s/files/1/1857/8135/files/elysian-black-titanium-wedding-band-brushed-polished-rings-aydins-jewelry-994092.jpg?v=1750901469","https://cdn.shopify.com/s/files/1/1857/8135/files/elysian-black-titanium-wedding-band-brushed-polished-rings-aydins-jewelry-851671.jpg?v=1750901468"
"KNIGHT | Black Titanium Steel Chain Black Diamond Wedding Ring - 8mm","KNIGHT is a clean wedding band built for men who want a ring with durability and personality. The black diamond setting gives it a distinct look while the titanium keeps it strong enough for daily wear. Designed in a comfort-fit profile, KNIGHT is made to feel solid without looking overdone. Key Features Titanium Black Diamond Setting Available widths: 10mm Comfort Fit Profile Comfort-fit interior Engraving: Inside engraving available Why KNIGHT KNIGHT is for the guy who wants a wedding band that feels personal, durable, and different from a basic polished ring.","10mm,Best_Sellers_Wave1,Black,Black Diamond,Black Mens Wedding B,Black Rings for Men,Black Weddings Bands,color-black,color-fixed-2026,Diamond,Diamond Ring,Diamonds and Preciou,Inside","Titanium",Titanium Wedding Bands,892,210,"KNIGHT-10-5",Ring size,"10,10.5,11,11.5,12,12.5,13,13.5,14,14.5,15,5,5.5,6,6.5,7,7.5,8,8.5,9,9.5",Width,"10mm",30 days,"2 oz","https://cdn.shopify.com/s/files/1/1857/8135/files/KNIGHT_Men_s_Black_Titanium_Wedding_Band_Steel_Chain_Design_Black_Diamonds.webp?v=1740720218","https://cdn.shopify.com/s/files/1/1857/8135/files/knight-black-titanium-ring-steel-chain-inlay-black-diamonds-rings-aydins-jewelry-884781.jpg?v=1740750214","https://cdn.shopify.com/s/files/1/1857/8135/products/knight-black-titanium-ring-steel-chain-inlay-black-diamonds-rings-aydins-jewelry-464859.webp?v=1773508835","https://cdn.shopify.com/s/files/1/1857/8135/products/knight-black-titanium-ring-steel-chain-inlay-black-diamonds-rings-aydins-jewelry-270420.webp?v=1773508835","https://cdn.shopify.com/s/files/1/1857/8135/files/restaged_f58aae38-32b3-4e8c-a2b4-5c18f2fd964e.jpg?v=1780563708"
"IRONLANCE | Brushed Black Tungsten 8 Laser-Engraved Cross Wedding Ring - 8mm","The IRONLANCE is a handcrafted men's tungsten carbide wedding band - 8mm wide, with a brushed matte black center face flanked by polished black stepped edges, marked by eight evenly-spaced laser-engraved crosses cut into the metal itself. Comfort fit. Free inside engraving. Backed for life. Built for the man who wants his faith on the ring he wears every day, without ever raising his voice. The Metal Tungsten carbide is the hardest wedding-band metal made - Mohs hardness 8.5 to 9, roughly 4× harder than titanium and 10× harder than 18k gold. That's not marketing copy; it's measurable. In daily terms: keys, tools, gym weights, steering wheels, and contact with desks or phone cases will not scratch the IRONLANCE. The band you open today will look the same five and ten years from now. The matte black tone is a PVD (physical vapor deposition) finish bonded to the tungsten core at the molecular level - not paint, not plating. It will not chip, peel, or wear through. The metal itself is fully hypoallergenic and nickel-free, safe even for sensitive skin. The brushed surface carries a fine, even grain across the entire face - quiet, uniform, and intentional. The Eight Crosses Each cross on the IRONLANCE is laser-etched directly into the tungsten - not printed, not stamped, not applied as a decal. A high-precision laser ablates a thin layer of the black PVD coating at each cross location, revealing the silver tungsten beneath as a clean, recessed cross shape. Eight of them spaced evenly around the full circumference of the band. From three feet away, the IRONLANCE reads as a brushed black band with a quiet rhythm of detail. Up close, every cross is crisp, deliberate, and identical to the last. Because the engraving is cut into the tungsten itself, no daily wear will fade them. No polish, no recoating, no maintenance - they are part of the metal now. Who It's For The IRONLANCE is for the man whose faith is part of the foundation of his life and wants his wedding band to carry that quietly. It's not loud. It doesn't sit on the outside of a separate pendant. The symbol is built into the band, where his wedding ring already sits - a daily-wear marker of the two things he doesn't take off. Key Features Tungsten carbide construction - Mohs 8.5-9 hardness, approximately 4× harder than titanium and 10× harder than 18k gold; will not scratch, bend, or deform under daily wear Brushed matte black PVD finish - bonded to the tungsten core at the molecular level; will not peel, chip, or wear through Eight evenly-spaced laser-engraved crosses - cut directly into the tungsten, permanent, identical, running the full circumference of the band 8mm width, brushed flat center, polished stepped edges - substantial, masculine presence on the finger with a refined two-finish silhouette Comfort-fit interior - gently rounded inside curve, designed for all-day wear with no edge bite Hypoallergenic and nickel-free - safe for sensitive skin, no green-finger reaction Free inside laser engraving - up to 30 characters in the font of your choice, included with every order Lifetime warranty + lifetime sizing program - defect coverage for life; if your finger size changes, we replace the ring in your new size Ring sizes 7 through 15, including half sizes - 15 sizes total, Closing A wedding ring should outlast the marriage it represents, and it should mean something every time you look at it. The IRONLANCE does both - brushed black tungsten carbide, eight laser-engraved crosses cut into the metal, comfort-fit inside, free personal engraving, and a lifetime of service standing behind it. Choose your size, add your inside engraving, and we'll handcraft your IRONLANCE and ship it insured within 1-2 weeks. Engrave the inside. Make it his.","8mm,Best_Sellers_Wave1,Black Tungsten Ring,Black Wedding Ring,Brand: Aydins,Classic Rings for Me,Color_Black,engraved rings,Engraved rings for m,Inside,Men's tungsten ring,Men's Unique Rings,Stylish Ring","Tungsten",Tungsten Rings,169,150,"JDTR689-8-7",Ring size,"10,10.5,11,11.5,12,12.5,13,14,15,7,7.5,8,8.5,9,9.5",Width,"8MM",30 days,"2 oz","https://cdn.shopify.com/s/files/1/1857/8135/files/ironlance-ironlance-black-tungsten-ring-wi-01-hero.png?v=1777574963","https://cdn.shopify.com/s/files/1/1857/8135/files/ironlance-ironlance-black-tungsten-ring-wi-02-hand-lifestyle.png?v=1777574968","https://cdn.shopify.com/s/files/1/1857/8135/files/ironlance-ironlance-black-tungsten-ring-wi-03-luxury-3quarter.png?v=1777574972","https://cdn.shopify.com/s/files/1/1857/8135/files/ironlance-ironlance-black-tungsten-ring-wi-08-macro-detail.png?v=1777574976","https://cdn.shopify.com/s/files/1/1857/8135/files/ironlance-ironlance-black-tungsten-ring-wi-09-editorial-masculine.png?v=1777574981"
"EMPEROR | Black Ring, Blue Tungsten Ring, Brushed, Flat","EMPEROR - Black Tungsten Ring with Blue Brushed Flat Exterior - 6MM, 8MM, 10MM Stylish, contemporary, &amp; unique, the Black Tungsten Ring with Blue Brushed Flat Exterior is a statement-maker. This sleek ring for men and women is made of the most elegant, scratch-resistant metal that doesn't tarnish. It's perfect for all seasons, occasions, or events. We offer a Lifetime Replacement and Sizing Warranty on all our rings. Our jewelry is made from quality materials and handmade with expert craftsmanship. We offer Free Shipping within the U.S., a Free Jewelry Box, and Free Engraving on Rings as per your specifications at Aydin's Jewelry.","10mm,10mm Ring,6mm,6mm Ring,8mm,Best_Sellers_Wave1,Black Ring,Blue Burshed Flat,Brand: Aydins,Color_Black,Color_Blue,Flat Ring,Inside & Outside","Tungsten",Tungsten Rings,146,440,"AYTR405-6-5",Ring size,"10,10.5,11,11.5,12,12.5,13,14,5,5.5,6,6.5,7,7.5,8,8.5,9,9.5",Width,"10MM,6MM,8MM",30 days,"2 oz","https://cdn.shopify.com/s/files/1/1857/8135/products/emperor-black-ring-blue-tungsten-ring-brushed-flat-aytr405-6-5-aydins-jewelry-796384.jpg?v=1691601953","https://cdn.shopify.com/s/files/1/1857/8135/products/emperor-black-ring-blue-tungsten-ring-brushed-flat-aytr405-6-5-aydins-jewelry-965257.jpg?v=1691601953","https://cdn.shopify.com/s/files/1/1857/8135/products/emperor-black-ring-blue-tungsten-ring-brushed-flat-aytr405-6-5-aydins-jewelry-597801.jpg?v=1691601953","https://cdn.shopify.com/s/files/1/1857/8135/products/emperor-black-ring-blue-tungsten-ring-brushed-flat-aytr405-6-5-aydins-jewelry-137601.jpg?v=1691601953"
"VESUVIUS | Black Ceramic Lava Rock Wedding Ring, Beveled, 6mm/8mm","VESUVIUS is a clean wedding band built for men who want a ring with durability and personality. The polished finish gives it a distinct look while the ceramic keeps it strong enough for daily wear. Designed in a comfort-fit profile, VESUVIUS is made to feel solid without looking overdone. Key Features Ceramic Polished Finish Available widths: 6mm/8mm Beveled Edges Comfort-fit interior Engraving: Inside engraving available Why VESUVIUS VESUVIUS is for the guy who wants a wedding band that feels personal, durable, and different from a basic polished ring.","6mm,8mm,Best_Sellers_Wave1,Beveled,Black,Black Mens Wedding B,Black Rings,Ceramic,Ceramic Ring,Ceramic Rings,Ceramic Unique Inlay,color-black,color-fixed-2026","Ceramic",Black Wedding Bands,229.99,420,"VESUVIUS-6-4",Ring size,"10,10.5,11,11.5,12,12.5,13,13.4,13.5,14,14.5,15,4,4.5,5,5.5,6,6.5,7,7.5,8,8.5,9,9.5",Width,"6mm,8mm",30 days,"2 oz","https://cdn.shopify.com/s/files/1/1857/8135/products/vesuvius-black-ceramic-ring-black-gray-lava-rock-stone-inlay-beveled-vesuvius-6-4-aydins-jewelry-407241.jpg?v=1691604615","https://cdn.shopify.com/s/files/1/1857/8135/products/vesuvius-black-ceramic-ring-black-gray-lava-rock-stone-inlay-beveled-vesuvius-6-4-aydins-jewelry-172067.jpg?v=1691604615","https://cdn.shopify.com/s/files/1/1857/8135/products/vesuvius-black-ceramic-ring-black-gray-lava-rock-stone-inlay-beveled-vesuvius-6-4-aydins-jewelry-436314.jpg?v=1691604615"
"VALOR | Silver Tungsten Ring, Silver Inlay & Black Diamonds","VALOR is a clean wedding band built for men who want a ring with durability and personality. The silver inlay + black diamond setting gives it a distinct look while the tungsten carbide keeps it strong enough for daily wear. Designed in a comfort-fit profile, VALOR is made to feel solid without looking overdone. Key Features Tungsten Carbide Silver Inlay + Black Diamond Setting Available widths: 8mm Comfort Fit Profile Comfort-fit interior Engraving: Inside engraving available Why VALOR VALOR is for the guy who wants a wedding band that feels personal, durable, and different from a basic polished ring.","8mm,Best_Sellers_Wave1,Black,Black Diamond,color-fixed-2026,color-silver,Diamond,Diamond Ring,Diamonds and Preciou,Inside,Inside Engraving,Male Jewelry,Men's Ring","Silver",Tungsten Rings,519,210,"VALOR-8-5",Ring size,"10,10.5,11,11.5,12,12.5,13,13.5,14,14.5,15,5,5.5,6,6.5,7,7.5,8,8.5,9,9.5",Width,"8mm",30 days,"2 oz","https://cdn.shopify.com/s/files/1/1857/8135/files/valor-silver-tungsten-ring-silver-inlay-black-diamonds-valor-8-5-aydins-jewelry-739032.jpg?v=1727894074","https://cdn.shopify.com/s/files/1/1857/8135/files/valor-silver-tungsten-ring-silver-inlay-black-diamonds-valor-8-5-aydins-jewelry-653168.jpg?v=1727894074","https://cdn.shopify.com/s/files/1/1857/8135/files/valor-silver-tungsten-ring-silver-inlay-black-diamonds-valor-8-5-aydins-jewelry-336916.jpg?v=1773509080","https://cdn.shopify.com/s/files/1/1857/8135/files/valor-silver-tungsten-ring-silver-inlay-black-diamonds-rings-aydins-jewelry-8231831.jpg?v=1773509080"
"Brushed Stainless Steel Fingerprint Dog Tag Necklace","Looking to put a personal touch on that gift to someone? or maybe you just want to be unique? Personalized Fingerprint Dog Tag available from Aydin's are a classic, timeless pieces of jewelry that are distinctively you. Each dog tag is custom made with the fingerprint of your choice &amp; personalized name from Stainless Steel. **Fingerprint Instructions** To get the best fingerprints on paper please visit: http://www.instructables.com/id/Get-your-fingerprint/ Once you have your finger prints please take a clear picture of the fingerprint and attach the image before adding this item to cart or simply email us at sales@shopaydins.com with your attached fingerprint. If you have any questions please do not hesitate to contact us via chat or email.","Black Brushed,Brand: Aydins,Dogtag,Fingerprint Dogtag,Fingerprint Jewelry,Gold Brushed,silver brushed","Gold",Tungsten Rings,47,30,"AYSSTAGB-BLK",Width,"Black,Gold,Silver",,"",30 days,"2 oz","https://cdn.shopify.com/s/files/1/1857/8135/products/brushed-stainless-steel-fingerprint-dog-tag-necklace-aysstagb-gld-aydins-jewelry-799910.jpg?v=1691602261","https://cdn.shopify.com/s/files/1/1857/8135/products/brushed-stainless-steel-fingerprint-dog-tag-necklace-aysstagb-blk-aydins-jewelry-220473.jpg?v=1691602261","https://cdn.shopify.com/s/files/1/1857/8135/products/brushed-stainless-steel-fingerprint-dog-tag-necklace-aysstagb-sil-aydins-jewelry-445549.jpg?v=1691602261","https://cdn.shopify.com/s/files/1/1857/8135/products/brushed-stainless-steel-fingerprint-dog-tag-necklace-aysstagb-sil-aydins-jewelry-355714.jpg?v=1691602261"
"JAKUB | Black Ring, Black Tungsten Ring, Gold Groove, Domed","Black Brushed Domed Gold Groove Wedding Ring for Men with Black Tungsten Inside - 6MM, 8MM Want something different for your wedding? This is a tungsten wedding band with a sleek black brushed finish and a center groove that's domed. This one is perfect for the modern man, who doesn't want to wear traditional gold. We offer a Lifetime Replacement and Sizing Warranty on all our rings. Our jewelry is made from quality materials and handmade with expert craftsmanship. We offer Free Shipping within the U.S., a Free Jewelry Box, and Free Engraving on Rings as per your specifications at Aydin's Jewelry.","6mm,8mm,Black Brushed Ring,black ring,Black Rings,Black Rings for Men,Brand: Aydins,Color_Black,Color_Gold,Gold Grooved,Inside & Outside,Men Ring,Men's Black Rings","Gold",Tungsten Rings,146,320,"AYTR558-6-5",Ring size,"10,10.5,11,11.5,12,12.5,13,14,15,5,5.5,6,6.5,7,7.5,8,8.5,9,9.5",Width,"6MM,8MM",30 days,"2 oz","https://cdn.shopify.com/s/files/1/1857/8135/products/jakub-black-ring-black-tungsten-ring-gold-groove-domed-aytr558-6-5-aydins-jewelry-140518.jpg?v=1691605226","https://cdn.shopify.com/s/files/1/1857/8135/products/jakub-black-ring-black-tungsten-ring-gold-groove-domed-aytr558-6-5-aydins-jewelry-651920.jpg?v=1691605226"
"SMOKEYLADE | Gun Metal Tungsten Ring, Brushed, Domed - 8mm","SMOKEYLADE - Gun Metal Tungsten Wedding Band Meet the SMOKEYLADE - a precision‑machined Gun Metal Tungsten wedding band designed for lasting comfort and clean, modern style. Its brushed finish and domed profile create a ring that feels substantial yet sits easily on the finger, built to endure daily wear. Key Features Gun Metal Tungsten - High‑hardness, scratch‑resistant, and hypoallergenic Comfort‑fit interior - Rounded inside edge for all‑day ease 8mm width - Available in multiple widths to match your preference Sizes 5-14 - Whole and half sizes for a precise fit Inside &amp; Outside engraving - Free personalization included Quick Specs Material: Gun Metal Tungsten Available widths: 8mm Available sizes: 5-14 (whole &amp; half sizes) Finish: See product title/description Comfort fit: Yes Engraving: Inside &amp; Outside Weight: 18-25g (estimated) Color: Gray Fit &amp; Sizing This ring is offered in standard whole and half sizes. We recommend using our printable ring sizer or visiting a local jeweler for the most accurate measurement. Tungsten rings cannot be resized-please order your exact size. Care &amp; Maintenance Tungsten carbide is highly scratch‑resistant and maintains its finish with minimal care. Clean with mild soap, warm water, and a soft cloth. Avoid harsh chemicals and ultrasonic cleaners. Warranty &amp; Sizing Every SMOKEYLADE ring includes lifetime warranty and lifetime sizing from Aydins. Please see our policy page for detailed terms and any applicable service fees. Returns &amp; Exchanges We offer a 30‑day return window for unworn rings in original condition. Exchanges are subject to a restocking fee; see our full policy for details. Engraved items are not eligible for return. Designed for the modern man who values clean lines, enduring materials, and a ring that stays looking sharp.","4mm,6mm,8mm,Best_Sellers_Wave1,Brand: Aydins,Brushed,Color_Black,Color_Gunmetal,Comfort Fit,Domed,FreeEngraving,GunMetal,Inside & Outside","Tungsten",Tungsten Rings,169,450,"JDTR994-4-5",Ring size,"10,10.5,11,11.5,12,12.5,13,14,15,5,5.5,6,6.5,7,7.5,8,8.5,9,9.5",Width,"4mm,6mm,8mm",30 days,"2 oz","https://cdn.shopify.com/s/files/1/1857/8135/files/smokeylade-gun-metal-tungsten-ring-brushed-domed-jdtr994-4-5-aydins-jewelry-423801.jpg?v=1728321920","https://cdn.shopify.com/s/files/1/1857/8135/files/smokeylade-black-gun-metal-tungsten-with-domed-brushed-ring-jdtr998-4-4-aydins-jewelry-291392.jpg?v=1728274867","https://cdn.shopify.com/s/files/1/1857/8135/products/smokeylade-black-gun-metal-tungsten-with-domed-brushed-ring-jdtr998-4-4-aydins-jewelry-399531.jpg?v=1728274571"
"REVOLVE | Black Tungsten Fidget Spinner Wedding Ring - 8mm","REVOLVE is a clean wedding band built for men who want a ring with durability and personality. The brushed finish gives it a distinct look while the black tungsten carbide keeps it strong enough for daily wear. Designed in a comfort-fit profile, REVOLVE is made to feel solid without looking overdone. Key Features Black Tungsten Carbide Brushed Finish Available widths: 6mm/8mm Comfort Fit Profile Comfort-fit interior Engraving: Inside and outside engraving available Why REVOLVE REVOLVE is for the guy who wants a wedding band that feels personal, durable, and different from a basic polished ring.","6mm,8mm,Best_Sellers_Wave1,Black,Black Mens Wedding B,black ring,Black Rings,Black Rings for Men,Black Tungsten Ring,Black Tungsten Rings,Brushed,classic Ring,color-black","Tungsten",Tungsten Rings,219.99,420,"REVOLVE-6-4",Ring size,"10,10.5,11,11.5,12,12.5,13,13.5,14,14.5,15,4,4.5,5,5.5,6,6.5,7,7.5,8,8.5,9,9.5",Width,"6MM,8MM",30 days,"2 oz","https://cdn.shopify.com/s/files/1/1857/8135/files/revolve-tungsten-ring-black-spinner-revolve-6-4-aydins-jewelry-181214.jpg?v=1724000695","https://cdn.shopify.com/s/files/1/1857/8135/files/revolve-black-tungsten-ring-fidget-spinner-ring-beveled-rings-aydins-jewelry-6842148.jpg?v=1773634147","https://cdn.shopify.com/s/files/1/1857/8135/products/revolve-tungsten-ring-black-spinner-revolve-6-4-aydins-jewelry-522952.jpg?v=1775704272","https://cdn.shopify.com/s/files/1/1857/8135/files/revolve-black-tungsten-ring-fidget-spinner-ring-beveled-rings-aydins-jewelry-3053653.png?v=1775719866","https://cdn.shopify.com/s/files/1/1857/8135/products/revolve-tungsten-ring-black-spinner-revolve-6-4-aydins-jewelry-857009.jpg?v=1775704272"
"PHANTOM | Black Titanium Fidget Spinner Wedding Ring - 8mm","The PHANTOM is a handcrafted black titanium men's wedding band, 8mm wide, with a brushed-finish outer shell that spins freely around a polished titanium base - a real mechanical fidget mechanism built into an ultra-lightweight titanium frame. Built comfort-fit, inside-laser-engravable, and backed by our lifetime warranty. The titanium sibling of our REVOLVE - same mechanism, roughly 60% lighter on the finger. The Metal Titanium is the lightest of the hard-wear wedding-band metals - about 45% lighter than stainless steel and roughly 60% lighter than tungsten. That weight difference matters a lot in a spinner ring: the lighter the outer shell, the less rotational inertia, and the easier and faster it spins from a single flick. The PHANTOM will spin longer and freer than its tungsten sibling from the same effort. It's the same aerospace-grade metal used in aircraft structural parts and surgical implants: Mohs hardness ~6, fully hypoallergenic, nickel-free, and immune to rust, tarnish, and corrosion from saltwater, sweat, or chlorine. The black tone is a physical-vapor-deposited (PVD) finish bonded at the molecular level - the same process used on high-end watch cases - and won't peel, strip, or wear through. The Spinner Mechanism The outer brushed shell of the PHANTOM rotates around the inner titanium base on a precision bearing built into the ring. You can spin it with a flick of your thumb or index finger, one-handed, silently, and continuously. The bearing is machined to keep the shell centered and low-friction - in the PHANTOM specifically, because titanium is lighter than tungsten, a single flick gives noticeably more rotations before the shell slows to a stop. This isn't decorative. Spinner rings are used by people with anxiety, ADHD, restless-hand habits, and high-stress jobs as a grounding tool - the repetitive spinning motion redirects nervous energy into a quiet, hand-only action. It's the ring equivalent of worry beads or a stress ball, except it's always on your finger, it's silent, and it looks like a wedding band to everyone else. PHANTOM vs. REVOLVE Same mechanism, different metal. Choose the PHANTOM if you want the lightest possible feel on your finger (titanium), longer free-spin time from each flick, and don't mind that titanium is softer than tungsten - micro-scratches can develop over years of heavy wear. Choose the REVOLVE if you want maximum scratch-resistance for life (tungsten), prefer a little more heft, and expect the ring to look identical in 20 years. Price and mechanism are essentially the same; it's a feel-and-durability trade-off. Who It's For The PHANTOM is for the man who fidgets and wants the lightest, freest-spinning option. It's also for anyone with a sensitivity to heavier rings, for whom an 8mm tungsten band is too much weight - titanium at 8mm feels closer to a thin silver band on the finger. Common buyers: ADHD, anxiety, desk-job high-stress, former nicotine/gum replacement, and anyone whose job has them on their feet all day and who doesn't want to feel the ring's weight. Key Features Aerospace-grade titanium construction - 60% lighter than tungsten, hypoallergenic, nickel-free, corrosion-proof Precision-bearing spinner mechanism - outer shell rotates freely, longer free-spin than tungsten due to lower weight Black PVD finish - molecularly bonded to the titanium core, will not peel or strip Two-texture design - brushed outer shell, polished inner base 8mm width with polished beveled edges Comfort-fit interior - rounded inside for all-day wear Free inside laser engraving - up to 30 characters, any font Lifetime warranty + replacement sizing program - defect coverage and a replacement ring if your finger size changes (see warranty page) Ring sizes 7 - 15 (including half sizes) Care Instructions The PHANTOM is nearly maintenance-free. Clean with warm water, a drop of mild dish soap, and a soft toothbrush - bristles reach into the gap between the spinner shell and the base to clear lint or fiber. Dry thoroughly, spinning the shell under running water to flush the bearing. The spinner mechanism is designed to run dry; do not lubricate. Avoid immersing in sand, dirt, or grit, which can work into the bearing and cause drag. Titanium is hardy to chemicals, so soap, shampoo, sweat, and sunscreen won't affect it. Closing / CTA A wedding band should work with you, not against you. The PHANTOM gives you the lightest possible spinner ring we make - a grounding tool in a form nobody but you will recognize. Select your size above, add your engraving, and we'll handcraft your PHANTOM and ship it insured within 1-2 weeks. Engrave the inside. Make it his. Frequently Asked Questions Q: Does the spinner on the PHANTOM actually spin freely? A: Yes - and in fact, it spins longer than the tungsten REVOLVE from the same flick because titanium is about 60% lighter. The outer brushed shell rotates on a precision bearing around the polished titanium inner base. Silent, one-handed, and continuous.","8mm,Best_Sellers_Wave1,Black Rings,Black Rings for Men,Black Titanium Ring,Brand: Aydins,Brushed Titanium Rin,Couples Ring,Engagement RIng,Inside & Outside,Promise Rings for Me,Promise Rings.,Titanium","Titanium",Titanium Wedding Bands,209,210,"PHANTOM-8-5",Ring size,"10,10.5,11,11.5,12,12.5,13,13.5,14,14.5,15,5,5.5,6,6.5,7,7.5,8,8.5,9,9.5",Width,"8mm",30 days,"2 oz","https://cdn.shopify.com/s/files/1/1857/8135/files/phantom-black-titanium-ring-spinner-wedding-band-phantom-8-6-aydins-jewelry-127689.jpg?v=1724006318","https://cdn.shopify.com/s/files/1/1857/8135/products/phantom-black-titanium-ring-spinner-wedding-band-phantom-8-6-aydins-jewelry-424574.jpg?v=1724006320","https://cdn.shopify.com/s/files/1/1857/8135/products/phantom-black-titanium-ring-spinner-wedding-band-phantom-8-6-aydins-jewelry-631239.jpg?v=1724006320"
"RIDWAN | Black Ring, Black Tungsten Ring, Green Groove, Domed","Black Brushed Domed Green Groove Wedding Ring for Men with Black Tungsten Inside - 6MM, 8MM The Black Tungsten Grooved wedding band is a sleek, modern wedding band that's perfect for the man that doesn't take life too seriously. With a simple and sleek design, this wedding band will never be out of style. You're not only getting a wedding band but also a symbol of your commitment to your spouse. We offer a Lifetime Replacement and Sizing Warranty on all our rings. Our jewelry is made from quality materials and handmade with expert craftsmanship. We offer Free Shipping within the U.S., a Free Jewelry Box, and Free Engraving on Rings as per your specifications at Aydin's Jewelry.","6mm,8mm,Black Rings,Black Rings for Men,Black Tungsten Ring,Brand: Aydins,Color_Black,Color_Green,Green Groove,Inside & Outside,Men Ring,Men's Black Rings,Tungsten Only Collec","Tungsten",Tungsten Rings,146,320,"AYTR583-6-5",Ring size,"10,10.5,11,11.5,12,12.5,13,14,15,5,5.5,6,6.5,7,7.5,8,8.5,9,9.5",Width,"6MM,8MM",30 days,"2 oz","https://cdn.shopify.com/s/files/1/1857/8135/products/ridwan-black-ring-black-tungsten-ring-green-groove-domed-aytr583-6-5-aydins-jewelry-969968.jpg?v=1691604976","https://cdn.shopify.com/s/files/1/1857/8135/products/ridwan-black-ring-black-tungsten-ring-green-groove-domed-aytr583-6-5-aydins-jewelry-124085.jpg?v=1691604976"
"GLOWHIGH | Blue Tungsten Brushed Domed Wedding Ring | Aydins","GLOWHIGH Blue Tungsten Ring: Radiate Confidence with a Stunning Glow Get ready to radiate confidence with the GLOWHIGH Blue Tungsten Ring, a captivating blend of style and substance. Its blue tungsten exterior boasts a beautifully brushed finish, reflecting elegance and sophistication. The domed design adds a touch of classic charm to the modern ring. Experience ultimate comfort with its precision-crafted Comfort Fit interior. Available in 6mm and 8mm widths, this ring is the perfect companion for every occasion, as it glows with friendly allure and undeniable appeal. Features: Striking Blue Tungsten Ring Beautifully Brushed Finish for an Elegant Look Classic Domed Design with a Modern Twist Precision-Crafted Comfort Fit Interior Available in 6mm and 8mm Widths Benefits: Radiate Confidence with a Unique and Stunning Glow Highly Durable and Scratch-Resistant Hypoallergenic and Gentle on Sensitive Skin Ensures All-Day Comfort and Convenience Versatile Design for Weddings, Anniversaries, and Everyday Elegance","6mm,8mm,Anniversary Gifts fo,Anniversary Ring,Best_Sellers_Wave1,Black Tungsten,Black Tungsten Ring,Blue,Blue Rings,Blue Tungsten Ring,Brand: Aydins,Brushed,brushed finish","Tungsten",Tungsten Rings,169,320,"JDTR898-6-5",Ring size,"10,10.5,11,11.5,12,12.5,13,14,15,5,5.5,6,6.5,7,7.5,8,8.5,9,9.5",Width,"6MM,8MM",30 days,"2 oz","https://cdn.shopify.com/s/files/1/1857/8135/products/glowhigh-blue-tungsten-ring-brushed-domed-jdtr898-6-5-aydins-jewelry-330134.jpg?v=1691602316","https://cdn.shopify.com/s/files/1/1857/8135/products/glowhigh-blue-tungsten-ring-brushed-domed-jdtr898-6-5-aydins-jewelry-632880.jpg?v=1691602316"
"NYMERIA | Titanium Ring Blue Sapphire","NYMERIA is a modern wedding band built for men who want durability, comfort, and a design with character. The sapphire setting gives it a distinct look while the titanium keeps the ring practical for daily wear. Designed with a comfort-fit interior, NYMERIA feels solid without looking overdone. Key Features Titanium Sapphire Setting Available widths: 4mm Comfort Fit Profile Comfort-fit interior Engraving: Inside engraving available Why NYMERIA NYMERIA is for the guy who wants a wedding band that feels personal, durable, and different from a basic polished ring.","4mm,Anniversary Band,Anniversary Gift,Anniversary Gifts,Anniversary Jewelry,Best_Sellers_Wave1,Blue,classic Ring,color-fixed-2026,color-silver,Diamonds and Preciou,Engagement Rings,Inside","Silver",Tungsten Rings,384,130,"NYMERIA-4-3.5",Ring size,"3.5,4,4.5,5,5.5,6,6.5,7,7.5,8,8.5,9,9.5",Width,"4MM",30 days,"2 oz","https://cdn.shopify.com/s/files/1/1857/8135/products/nymeria-titanium-ring-blue-sapphire-nymeria-4-35-aydins-jewelry-258103.jpg?v=1691603881"
"BRANDMARK | Custom Logo Laser Engraved Signet Ring Gold Silver Black","Custom Logo Stainless Steel Signet Ring - Gold, Silver, Black Introducing the BRANDMARK Ring - your personal canvas for making a bold statement. Crafted from high-quality stainless steel, this signet ring is perfect for showcasing your custom logo with precision laser engraving. Available in stunning gold, sleek silver, and modern black, the BRANDMARK Ring is ideal for those who want to stand out with style. Here’s why you’ll love it: Custom Laser Engraving: Personalize your ring with your own logo, making it a unique piece that reflects your brand or personal style. High-Quality Stainless Steel: Durable and resistant to tarnish, this ring maintains its shine and elegance, perfect for everyday wear. Available in Three Colors: Choose from gold, silver, or black to match your style and make your logo pop. Bold Signet Design: The classic signet style provides a large surface area for your custom logo, ensuring it stands out. Perfect for Branding: Ideal for business owners, entrepreneurs, or anyone looking to make a statement with a custom logo. Whether you're looking to promote your brand, commemorate a special event, or simply express your unique style, the BRANDMARK Ring is the perfect choice. Make it yours today with custom laser engraving! •••Ordering Instructions••• 1. Select Color of ring 2. Select the size 3. Upload Logo and Instructions","Black,Black Signet Ring,Brand: Aydins,Custom Signet Ring,Engraved Signet Ring,Gold,Gold Signet Ring,Initial Ring,Laser Engraved,Logo Ring,Pinky Ring,Signet Ring,Silver","Gold",Tungsten Rings,46.67,330,"AYSSSCL",Ring size,"Black,Gold,Silver",Width,"10,11,12,13,14,15,16,6,7,8,9",30 days,"2 oz","https://cdn.shopify.com/s/files/1/1857/8135/products/custom-logo-laser-engraved-signet-ring-gold-silver-black-ayssscl-aydins-jewelry-877961.jpg?v=1691604088","https://cdn.shopify.com/s/files/1/1857/8135/products/custom-logo-laser-engraved-signet-ring-gold-silver-black-ayssscl-aydins-jewelry-108539.jpg?v=1691604088","https://cdn.shopify.com/s/files/1/1857/8135/products/custom-logo-laser-engraved-signet-ring-gold-silver-black-ayssscl-aydins-jewelry-781459.jpg?v=1717130098","https://cdn.shopify.com/s/files/1/1857/8135/products/custom-logo-laser-engraved-signet-ring-gold-silver-black-ayssscl-aydins-jewelry-160864.jpg?v=1691604088","https://cdn.shopify.com/s/files/1/1857/8135/products/custom-logo-laser-engraved-signet-ring-gold-silver-black-ayssscl-aydins-jewelry-193911.jpg?v=1691604088","https://cdn.shopify.com/s/files/1/1857/8135/products/custom-logo-laser-engraved-signet-ring-gold-silver-black-ayssscl-aydins-jewelry-430331.jpg?v=1691604088"
"CRIMSEN | Red Tungsten Domed Ring","The Red Tungsten Finish The CRIMSEN starts with tungsten carbide and uses a red finish to give the ring its identity. The brushed surface softens the color so it reads confident instead of flashy, while the domed profile keeps the shape smooth and wearable. It is a simple metal ring, but the color makes the design feel deliberate. Who It's For The CRIMSEN is for the buyer who does not want another plain silver or black band. You want color, but you still want the ring to feel serious. The red tone makes it personal, the tungsten keeps it grounded, and the slimmer widths make it easy to wear every day. Key Features Red tungsten carbide construction with brushed finish Domed profile in 4mm and 6mm widths Comfort-fit interior Inside and outside engraving available Inspected before shipping","4mm,6mm,Best_Sellers_Wave1,Brushed Ring,Color_Red,Comfort Fit,Couples Ring,Domed Ring,inside & outside,Red Ring,Red Tungsten,Tungsten Carbide,Wave1_Full_Tungsten","Tungsten",Tungsten Rings,169,300,"JDTR1165-4-5",Ring size,"10,10.5,11,11.5,12,5,5.5,6,6.5,7,7.5,8,8.5,9,9.5",Width,"4mm,6mm",30 days,"2 oz","https://cdn.shopify.com/s/files/1/1857/8135/files/crimsen-red-tungsten-ring-brushed-domed-rings-aydins-jewelry-998477.jpg?v=1737240791","https://cdn.shopify.com/s/files/1/1857/8135/files/crimsen-red-tungsten-ring-brushed-domed-rings-aydins-jewelry-607684.jpg?v=1737240791","https://cdn.shopify.com/s/files/1/1857/8135/files/crimsen-red-tungsten-ring-brushed-domed-rings-aydins-jewelry-132621.jpg?v=1737240791","https://cdn.shopify.com/s/files/1/1857/8135/files/crimsen-red-tungsten-ring-brushed-domed-rings-aydins-jewelry-789878.jpg?v=1737240791"
"SPARTANITE | Black Ring, Black Tungsten Ring, Orange Groove, Domed","Black Brushed Domed Orange Groove Wedding Ring for Men with Black Tungsten Inside - 6MM, 8MM This stunning ring features a Black Brushed Domed Orange Groove tungsten band with a black tungsten interior. The Black exterior gives the ring a classic and elegant look, while the black interior adds a touch of contrast and interest. Made from tungsten, a durable and long-lasting metal, this ring is perfect for anyone looking for a stylish and sophisticated piece of jewelry. We offer a Lifetime Replacement and Sizing Warranty on all our rings. Our jewelry is made from quality materials and handmade with expert craftsmanship. We offer Free Shipping within the U.S., a Free Jewelry Box, and Free Engraving on Rings as per your specifications at Aydin's Jewelry.","6mm,8mm,Black Brushed Domed,Black Rings,Black Rings for Men,Black Shiny Domed,Black Tungsten,Black Tungsten Ring,Brand: Aydins,Brushed Tungsten Rin,Color_Black,Color_Orange,Inside & Outside","Tungsten",Tungsten Rings,146,320,"AYTR948-6-5",Ring size,"10,10.5,11,11.5,12,12.5,13,14,15,5,5.5,6,6.5,7,7.5,8,8.5,9,9.5",Width,"6MM,8MM",30 days,"2 oz","https://cdn.shopify.com/s/files/1/1857/8135/products/spartanite-black-ring-black-tungsten-ring-orange-groove-domed-aytr948-6-5-aydins-jewelry-331090.jpg?v=1691605181","https://cdn.shopify.com/s/files/1/1857/8135/products/spartanite-black-ring-black-tungsten-ring-orange-groove-domed-aytr948-6-5-aydins-jewelry-459730.jpg?v=1691605181"
"LEPORIS | Black Tungsten Ring, Diamond Stimulant CZ Eternity, Flat","LEPORIS Black Tungsten Ring with Diamond Stimulant CZ Eternity, 8mm Flat Wedding Band Elevate your style with the LEPORIS Black Tungsten Ring from Aydins Jewelry. This striking 8mm flat wedding band is adorned with a stunning row of Diamond Stimulant CZ stones, creating a continuous sparkle that symbolizes eternal love and commitment. Crafted from robust black tungsten, this ring offers a perfect blend of durability and elegance. The flat profile and high-polish finish highlight the brilliance of the CZ stones, making it an ideal choice for those who appreciate refined luxury. Whether for a wedding, anniversary, or as a statement piece, the LEPORIS ring promises to be a timeless addition to any jewelry collection. Key Features: Material : Premium Black Tungsten known for its resilience and scratch resistance. Design : Eternity band with Diamond Stimulant CZ stones for a continuous, elegant sparkle. Finish : High-polish finish with a flat profile for a sleek, modern look. Width : 8mm - Perfect for a bold and sophisticated style. Comfort Fit : Designed with a comfort fit interior for easy, all-day wear.","8mm,Black Rings,Black Rings for Men,Black Tungsten Ring,Brand: Aydins,Color_Black,Cubic Zirconia,CZ Ring,diamond stimulant CZ,Inside,Men Ring,mens black rings,Tungsten Only Collec","Tungsten",Tungsten Rings,169,150,"JDTR992-8-7",Ring size,"10,10.5,11,11.5,12,12.5,13,14,15,7,7.5,8,8.5,9,9.5",Width,"8MM",30 days,"2 oz","https://cdn.shopify.com/s/files/1/1857/8135/files/leporis-black-tungsten-ring-round-cut-white-cz-jdtr992-8-7-aydins-jewelry-386723.jpg?v=1724732476","https://cdn.shopify.com/s/files/1/1857/8135/files/leporis-black-tungsten-ring-round-cut-white-cz-jdtr992-8-7-aydins-jewelry-921028.jpg?v=1724732476","https://cdn.shopify.com/s/files/1/1857/8135/files/restaged_583c8b2b-726a-4c16-9bf9-7c164e72ccfa.jpg?v=1780563740"
"MAESTRO | Silver Tungsten Ring, Gold Groove, Beveled","MAESTRO | Silver Tungsten Ring, Gold Groove, Beveled - Tungsten Carbide Men's Ring Color: Silver Available Sizes: 5 - 15, including half sizes Width: 7mm The MAESTRO | Silver Tungsten Ring, Gold Groove, Beveled is a silver tungsten carbide men's ring with a polished finish and beveled profile. Crafted for comfort and built to last, the MAESTRO | Silver Tungsten Ring, Gold Groove, Beveled is hand-finished in our Irving, Texas shop and ships free with a lifetime warranty. Key Features Material: Tungsten Carbide Finish: Polished Profile: Beveled Fit: Comfort Fit Width: 7mm Color: Silver Engraving: Free Inside Laser Engraving Available Warranty: Lifetime warranty against manufacturing defects Why Aydins? Hand-finished in our Irving, Texas shop since 2011. Every ring ships free with a lifetime warranty and hassle-free exchanges.","7mm,Best_Sellers_Wave1,Brand: Aydins,Brushed,color-fixed-2026,color-silver,Gifts for Him,Gold Grooved,Grooved Collection,Inside & Outside,Inside Engraving,Mens Engagement Ring,Mens Pinky Rings","Silver",Tungsten Rings,169,190,"JDTR131-7-5",Ring size,"10,10.5,11,11.5,12,12.5,13,14,15,5,5.5,6,6.5,7,7.5,8,8.5,9,9.5",Width,"7mm",30 days,"2 oz","https://cdn.shopify.com/s/files/1/1857/8135/files/maestro-silver-tungsten-ring-gold-groove-beveled-jdtr131-7-5-aydins-jewelry-970480.jpg?v=1728672826","https://cdn.shopify.com/s/files/1/1857/8135/files/maestro-silver-tungsten-ring-gold-groove-beveled-jdtr131-7-5-aydins-jewelry-360223.jpg?v=1728672826","https://cdn.shopify.com/s/files/1/1857/8135/files/maestro-silver-tungsten-ring-gold-groove-beveled-jdtr131-7-5-aydins-jewelry-221345.jpg?v=1728672826","https://cdn.shopify.com/s/files/1/1857/8135/files/maestro-silver-tungsten-ring-gold-groove-beveled-jdtr131-7-5-aydins-jewelry-225549.jpg?v=1728672826"
"ADDERSFIELD | Gold Ring, Gold Tungsten Ring, Brushed, Flat","ADDERSFIELD Gold Tungsten Ring - Brushed Finish, Flat Profile in 6mm, 8mm, 10mm Presenting the ADDERSFIELD Ring, a signature piece from Aydins Jewelry's distinguished collection. This gold tungsten ring exemplifies luxury and contemporary design. Its brushed finish imparts a subtle, elegant texture that reflects sophistication. The flat profile of the ring offers a sleek, modern appearance, appealing to those with a taste for minimalist yet luxurious style. Available in 6mm, 8mm, and 10mm widths, the ADDERSFIELD ring provides options to suit a range of preferences. Its comfort fit interior ensures a pleasant wearing experience, perfect for symbolizing your commitment with both style and comfort. Features Material : High-Quality Gold Tungsten Carbide Finish : Sophisticated Brushed Surface Profile : Modern Flat Design Width Options : 6mm, 8mm, and 10mm Interior : Comfort Fit for Daily Comfort Durability : Resistant to Scratching and Wear Benefits Luxurious Aesthetic : Brushed gold finish for an upscale look. Comfortable for Daily Use : Comfort fit suitable for prolonged wear. Versatile Width Selections : Perfect for various styles and preferences. Durable and Long-lasting : Ideal for daily wear and special occasions. Hypoallergenic : Safe for sensitive skin types.","10mm,6mm,8mm,Brand: Aydins,Color_Gold,Flat Ring,Gold Tungsten Ring,Inside & Outside,Men Ring,Tungsten Ring,Tungsten Rings,Wave1_Full_Tungsten,Wave1_WeddingBands_S","Gold",Tungsten Rings,146,460,"AYTR756-6-5",Ring size,"10,10.5,11,11.5,12,12.5,13,14,15,5,5.5,6,6.5,7,7.5,8,8.5,9,9.5",Width,"10MM,6MM,8MM",30 days,"2 oz","https://cdn.shopify.com/s/files/1/1857/8135/files/addersfield-gold-ring-gold-tungsten-ring-brushed-flat-aytr756-6-5-aydins-jewelry-421285.jpg?v=1726964835","https://cdn.shopify.com/s/files/1/1857/8135/files/addersfield-gold-ring-gold-tungsten-ring-brushed-flat-aytr756-6-5-aydins-jewelry-330053.jpg?v=1726964835","https://cdn.shopify.com/s/files/1/1857/8135/files/addersfield-gold-ring-gold-tungsten-ring-brushed-flat-aytr756-6-5-aydins-jewelry-630442.jpg?v=1726964835","https://cdn.shopify.com/s/files/1/1857/8135/files/addersfield-gold-ring-gold-tungsten-ring-brushed-flat-aytr756-6-5-aydins-jewelry-739950.jpg?v=1726964835","https://cdn.shopify.com/s/files/1/1857/8135/files/addersfield-gold-ring-gold-tungsten-ring-brushed-flat-aytr756-6-5-aydins-jewelry-170934.jpg?v=1726964836","https://cdn.shopify.com/s/files/1/1857/8135/files/addersfield-gold-ring-gold-tungsten-ring-brushed-flat-rings-aydins-jewelry-431115.webp?v=1748975309"
"BRAVE | Blue Tungsten Ring, Blue Tungsten Ring, Brushed, Flat","BRAVE Blue Tungsten Ring with Blue Brushed Flat Exterior - 6MM, 8MM, 10MM The Tungsten Ring in Blue is the newest and hottest trend in men's rings. With a blue brushed exterior, this ring will stand out in any crowd and is the perfect gift for any occasion. We offer a Lifetime Replacement and Sizing Warranty on all our rings. Our jewelry is made from quality materials and handmade with expert craftsmanship. We offer Free Shipping within the U.S., a Free Jewelry Box, and Free Engraving on Rings as per your specifications at Aydin's Jewelry.","10MM Ring,6MM Ring,8mm,Blue,Blue Rings,blue tungsten rings,Brand: Aydins,Color_Blue,Flat Tungsten Ring,Inside & Outside,Men Ring,Men's Tungsten Rings,Wave1_Full_Tungsten","Tungsten",Tungsten Rings,146,440,"AYTR406-6-5",Ring size,"10,10.5,11,11.5,12,12.5,13,14,5,5.5,6,6.5,7,7.5,8,8.5,9,9.5",Width,"10MM,6MM,8MM",30 days,"2 oz","https://cdn.shopify.com/s/files/1/1857/8135/products/brave-blue-tungsten-ring-blue-tungsten-ring-brushed-flat-aytr406-6-5-aydins-jewelry-871604.jpg?v=1691601901","https://cdn.shopify.com/s/files/1/1857/8135/products/brave-blue-tungsten-ring-blue-tungsten-ring-brushed-flat-aytr406-6-5-aydins-jewelry-294327.jpg?v=1691601901","https://cdn.shopify.com/s/files/1/1857/8135/products/brave-blue-tungsten-ring-blue-tungsten-ring-brushed-flat-aytr406-6-5-aydins-jewelry-158448.jpg?v=1691601901","https://cdn.shopify.com/s/files/1/1857/8135/products/brave-blue-tungsten-ring-blue-tungsten-ring-brushed-flat-aytr406-6-5-aydins-jewelry-312990.jpg?v=1691601901"
"COSMIC | Black Tungsten Ring, Crushed Alexandrite, Goldstone Inlay, Domed","COSMIC is a clean wedding band built for men who want a ring with durability and personality. The polished finish gives it a distinct look while the black tungsten carbide keeps it strong enough for daily wear. Designed in a comfort-fit profile, COSMIC is made to feel solid without looking overdone. Key Features Black Tungsten Carbide Polished Finish Available widths: 4mm/8mm Domed Profile Comfort-fit interior Engraving: Inside engraving available Why COSMIC COSMIC is for the guy who wants a wedding band that feels personal, durable, and different from a basic polished ring.","4mm,8mm,Alexandrite,Black,Black Rings,Black Tungsten Ring,Color_Black,Gold,Gold Stone,Inside,mens wedding band,Tungsten,Tungsten Ring","Tungsten",Tungsten Rings,299,420,"COSMIC-4-2.5",Ring size,"10,10.5,11,11.5,12,12.5,13,13.5,14,14.5,15,2.5,3,3.5,4,4.5,5,5.5,6,6.5,7,7.5,8,8.5,9,9.5",Width,"4mm,8mm",30 days,"2 oz","https://cdn.shopify.com/s/files/1/1857/8135/files/cosmic-black-tungsten-ring-crushed-alexandrite-goldstone-inlay-domed-cosmic-4-25-aydins-jewelry-116486.jpg?v=1718852600","https://cdn.shopify.com/s/files/1/1857/8135/files/cosmic-black-tungsten-ring-crushed-alexandrite-goldstone-inlay-domed-cosmic-4-25-aydins-jewelry-305860.jpg?v=1718852600","https://cdn.shopify.com/s/files/1/1857/8135/files/cosmic-black-tungsten-ring-crushed-alexandrite-goldstone-inlay-domed-cosmic-4-25-aydins-jewelry-915138.jpg?v=1718852600","https://cdn.shopify.com/s/files/1/1857/8135/files/cosmic-black-tungsten-ring-crushed-alexandrite-goldstone-inlay-domed-cosmic-4-25-aydins-jewelry-496704.jpg?v=1718852601","https://cdn.shopify.com/s/files/1/1857/8135/files/cosmic-black-tungsten-ring-crushed-alexandrite-goldstone-inlay-domed-cosmic-4-25-aydins-jewelry-583383.jpg?v=1718852601","https://cdn.shopify.com/s/files/1/1857/8135/files/cosmic-black-tungsten-ring-crushed-alexandrite-goldstone-inlay-domed-cosmic-4-25-aydins-jewelry-972690.jpg?v=1718852601"
"GUNNAR | Yellow Gold Tungsten Rosewood & Crushed Turquoise Inlay Domed Wedding Ring 8mm | Aydins","The Rosewood Inlay The Rosewood inlay adds reddish-brown depth, fine grain, and natural warmth to the tungsten carbide band. Its color variation gives the ring a richer, more organic look than a plain metal band. Who It's For GUNNAR is for the guy who wants a ring with natural texture, not a plain metal band. The rosewood detail keeps it warm and distinctive while the tungsten carbide build keeps the profile strong for daily wear. Key Features Tungsten Carbide ring with genuine rosewood inlay 6MM, 8MM width with domed profile Comfort-fit interior Inside engraving available Inspected before shipping","6mm,8mm,Brand: Aydins,Color_Gold,Color_Turquoise,Comfort Fit,Domed,FreeEngraving,GUNNAR,Inlay,Inlay ring,Inlay Rings,Inlay rings for men","Gold",Tungsten Rings,169,320,"JDTR1029-6-5",Ring size,"10,10.5,11,11.5,12,12.5,13,14,15,5,5.5,6,6.5,7,7.5,8,8.5,9,9.5",Width,"6MM,8MM",30 days,"2 oz","https://cdn.shopify.com/s/files/1/1857/8135/files/gunnar-yellow-gold-tungsten-rosewood-crushed-turquoise-inlay-domed-wedding-ring-8mm-rings-aydins-jewelry-2289874.png?v=1777141943","https://cdn.shopify.com/s/files/1/1857/8135/files/gunnar-yellow-gold-tungsten-rosewood-crushed-turquoise-inlay-domed-wedding-ring-8mm-rings-aydins-jewelry-9586540.png?v=1777141942","https://cdn.shopify.com/s/files/1/1857/8135/files/gunnar-yellow-gold-tungsten-rosewood-crushed-turquoise-inlay-domed-wedding-ring-8mm-rings-aydins-jewelry-7873818.png?v=1777141942","https://cdn.shopify.com/s/files/1/1857/8135/files/gunnar-yellow-gold-tungsten-rosewood-crushed-turquoise-inlay-domed-wedding-ring-8mm-rings-aydins-jewelry-8702154.png?v=1777141943","https://cdn.shopify.com/s/files/1/1857/8135/files/gunnar-yellow-gold-tungsten-rosewood-crushed-turquoise-inlay-domed-wedding-ring-8mm-rings-aydins-jewelry-8031948.png?v=1777141942","https://cdn.shopify.com/s/files/1/1857/8135/files/gunnar-yellow-gold-tungsten-rosewood-crushed-turquoise-inlay-domed-wedding-ring-8mm-rings-aydins-jewelry-7323553.png?v=1777141943","https://cdn.shopify.com/s/files/1/1857/8135/files/gunnar-yellow-gold-tungsten-rosewood-crushed-turquoise-inlay-domed-wedding-ring-8mm-rings-aydins-jewelry-2725579.png?v=1777141942","https://cdn.shopify.com/s/files/1/1857/8135/files/gunnar-yellow-gold-tungsten-rosewood-crushed-turquoise-inlay-domed-wedding-ring-8mm-rings-aydins-jewelry-8112812.png?v=1777141941","https://cdn.shopify.com/s/files/1/1857/8135/files/gunnar-yellow-gold-tungsten-rosewood-crushed-turquoise-inlay-domed-wedding-ring-8mm-rings-aydins-jewelry-1377617.png?v=1777141942"
"CAIRNS | Rose Gold Ring, Black Tungsten Ring, Purple Groove, Stepped Edge","Black Brushed Purple Groove Stepped Edge Wedding Ring for Men with Rose Gold Tungsten Inside - 6MM, 8MM We offer a Lifetime Replacement and Sizing Warranty on all our rings. Our jewelry is made from quality materials and handmade with expert craftsmanship. We offer Free Shipping within the U.S., a Free Jewelry Box, and Free Engraving on Rings as per your specifications at Aydin's Jewelry.","8mm,Black Brushed Ring,Brand: Aydins,Color_Black,Color_Purple,Color_Rose Gold,Inside & Outside,Men Ring,mens tungsten ring,Purple Groove Ring,Rose Gold Tungsten,Wave1_Full_Tungsten,Wave1_WeddingBands_S","Gold",Tungsten Rings,146,320,"AYTR737-6-5",Ring size,"10,10.5,11,11.5,12,12.5,13,14,15,5,5.5,6,6.5,7,7.5,8,8.5,9,9.5",Width,"6MM,8MM",30 days,"2 oz","https://cdn.shopify.com/s/files/1/1857/8135/products/cairns-rose-gold-ring-black-tungsten-ring-purple-groove-stepped-edge-aytr737-6-5-aydins-jewelry-453604.jpg?v=1691602261","https://cdn.shopify.com/s/files/1/1857/8135/products/cairns-rose-gold-ring-black-tungsten-ring-purple-groove-stepped-edge-aytr737-6-5-aydins-jewelry-357851.jpg?v=1691602261","https://cdn.shopify.com/s/files/1/1857/8135/products/cairns-rose-gold-ring-black-tungsten-ring-purple-groove-stepped-edge-aytr737-6-5-aydins-jewelry-939767.jpg?v=1691602261","https://cdn.shopify.com/s/files/1/1857/8135/products/cairns-rose-gold-ring-black-tungsten-ring-purple-groove-stepped-edge-aytr737-6-5-aydins-jewelry-445049.jpg?v=1691602261"
"GEELONG | Green Ring, Black Tungsten Ring, Purple Groove, Stepped Edge","Black Brushed Purple Groove Stepped Edge Wedding Ring for Men with Green Inside - 6MM, 8MM We offer a Lifetime Replacement and Sizing Warranty on all our rings. Our jewelry is made from quality materials and handmade with expert craftsmanship. We offer Free Shipping within the U.S., a Free Jewelry Box, and Free Engraving on Rings as per your specifications at Aydin's Jewelry.","8mm,Best_Sellers_Wave1,Black Brushed Ring,Black Rings,Black Rings for Men,Brand: Aydins,Color_Black,Color_Green,Color_Purple,Green Aluminum,Green Rings,Inside & Outside,Men Ring","Tungsten",Tungsten Rings,146,320,"AYTR731-6-5",Ring size,"10,10.5,11,11.5,12,12.5,13,14,15,5,5.5,6,6.5,7,7.5,8,8.5,9,9.5",Width,"6MM,8MM",30 days,"2 oz","https://cdn.shopify.com/s/files/1/1857/8135/products/geelong-green-ring-black-tungsten-ring-purple-groove-stepped-edge-aytr731-6-5-aydins-jewelry-310618.jpg?v=1691604511","https://cdn.shopify.com/s/files/1/1857/8135/products/geelong-green-ring-black-tungsten-ring-purple-groove-stepped-edge-aytr731-6-5-aydins-jewelry-801721.jpg?v=1691604511","https://cdn.shopify.com/s/files/1/1857/8135/products/geelong-green-ring-black-tungsten-ring-purple-groove-stepped-edge-aytr731-6-5-aydins-jewelry-111735.jpg?v=1691604511","https://cdn.shopify.com/s/files/1/1857/8135/products/geelong-green-ring-black-tungsten-ring-purple-groove-stepped-edge-aytr731-6-5-aydins-jewelry-223081.jpg?v=1691604511"
"BLACKJACK | Black Ring, Black Tungsten Ring, Brushed, Beveled","BLACKJACK Black Tungsten Ring with Black Brushed Beveled Edges Inside - 6MM, 8MM, 10MM Black Tungsten Comfort Fit Wedding Ring with Black Brushed Beveled Edges. Ring Measures 6mm, 8mm, 10mm in width for Men &amp; Women. Tungsten carbide rings are extremely durable and won't scratch or fade. This unisex ring is made of high-grade tungsten carbide which provides excellent durability. It is cobalt free which offers resistance to scratching to keep its surface looking sleek and unblemished for years to come. This personalized 6mm, 8mm tungsten wedding Ring is the perfect gift for that special someone. Each ring is made with only the highest quality materials. This Ring is made of Tungsten Carbide and is the hottest new material in jewelry. It is virtually scratch-resistant, and indestructible making it great for jewelry that is worn every day. Tungsten Carbide Rings are said to be classier, and more stylish, and the most important thing is the strength of the rings. As the metal is 10 times harder than gold, its amazing properties are loved by all. These rings will never bend or distort with time and force like any of the other metals that you choose for your rings. Black Tungsten Comfort Fit Wedding Ring with Black Brushed Beveled Edges for Him and Her. Promise Tungsten Rings for Couple. All Aydin's jewelry is made to the highest standards using quality materials and expert craftsmanship and we are offering a Lifetime Replacement and Sizing Warranty on our products.","10mm,6mm,8mm,Anniversary Gifts,Anniversary Gifts fo,Black Rings,Black Rings for Men,Black Tungsten Ring,Black Tungsten Rings,Black Wedding Ring,Brand: Aydins,Classic Rings for Me,Color_Black","Tungsten",Tungsten Rings,146,470,"AYTR267-6-5",Ring size,"10,10.5,11,11.5,12,12.5,13,14,15,5,5.5,6,6.5,7,7.5,8,8.5,9,9.5",Width,"10MM,6MM,8MM",30 days,"2 oz","https://cdn.shopify.com/s/files/1/1857/8135/products/blackjack-black-ring-black-tungsten-ring-brushed-beveled-aytr267-6-5-aydins-jewelry-897416.jpg?v=1691601958","https://cdn.shopify.com/s/files/1/1857/8135/products/blackjack-black-ring-black-tungsten-ring-brushed-beveled-aytr267-6-5-aydins-jewelry-847294.jpg?v=1691601958","https://cdn.shopify.com/s/files/1/1857/8135/products/blackjack-black-ring-black-tungsten-ring-brushed-beveled-aytr267-6-5-aydins-jewelry-226699.jpg?v=1691601958","https://cdn.shopify.com/s/files/1/1857/8135/products/blackjack-black-ring-black-tungsten-ring-brushed-beveled-aytr267-6-5-aydins-jewelry-679600.jpg?v=1691601958"
"RUGGED | Black Tungsten Hammered Ring","The Hammered Gunmetal Center The RUGGED uses a hammered gunmetal center set inside a black tungsten frame. The hammered texture gives the surface movement and grit, while the stepped edges keep the ring controlled instead of rough. It has a harder visual edge than a polished band, but the shape stays clean enough for daily wear. Who It's For The RUGGED is for the buyer who wants texture without decoration. You like the worn-in look of hammered metal, but you still want the ring to feel structured and modern. This is for someone who wants a wedding band with a little grit and no extra flash. Key Features Black tungsten carbide with hammered gunmetal center Stepped edge profile Comfort-fit interior Inside and outside engraving available Inspected before shipping","8mm,Best_Sellers_Wave1,Black Tungsten,Color_Black,Color_Gunmetal,Comfort Fit,Gunmetal Ring,Hammered Ring,inside & outside,Mens Rings,Stepped Edge,Tungsten Carbide,Wave1_Full_Tungsten","Tungsten",Tungsten Rings,169,150,"JDTR972-8-7",Ring size,"10,10.5,11,11.5,12,12.5,13,14,15,7,7.5,8,8.5,9,9.5",Width,"8mm",30 days,"2 oz","https://cdn.shopify.com/s/files/1/1857/8135/files/rugged-gunmetal-tungsten-ring-hammered-stepped-edges-jdtr972-8-7-aydins-jewelry-224548.jpg?v=1720938540","https://cdn.shopify.com/s/files/1/1857/8135/files/rugged-gunmetal-tungsten-ring-hammered-stepped-edges-jdtr972-8-7-aydins-jewelry-489795.jpg?v=1720938540","https://cdn.shopify.com/s/files/1/1857/8135/products/rugged-black-tungsten-ring-gun-metal-hammered-center-with-stepped-edge-jdtr972-8-7-aydins-jewelry-548720.jpg?v=1695799974","https://cdn.shopify.com/s/files/1/1857/8135/products/rugged-black-tungsten-ring-gun-metal-hammered-center-with-stepped-edge-jdtr972-8-7-aydins-jewelry-574707.jpg?v=1695799974"
"YORKSHIRE | Black Ceramic Ring Brushed Finish","YORKSHIRE is a modern wedding band built for men who want durability, comfort, and a design with character. The brushed finish gives it a distinct look while the black ceramic keeps the ring practical for daily wear. Designed with a comfort-fit interior, YORKSHIRE feels solid without looking overdone. Key Features Black Ceramic Brushed Finish Available widths: 6mm/8mm Beveled Edges Comfort-fit interior Engraving: Inside and outside engraving available Why YORKSHIRE YORKSHIRE is for the guy who wants a wedding band that feels personal, durable, and different from a basic polished ring.","6mm,8mm,Anniversary Band,Anniversary Gift,Band Ring,Best_Sellers_Wave1,Black,Black Ceramic,Brushed,Ceramic,Ceramic Rings,classic rings,Classic Wedding Band","Ceramic",Black Wedding Bands,164,380,"YORKSHIRE-6-5",Ring size,"10,10.5,11,11.5,12,12.5,13,13.5,14,5,5.5,6,6.5,7,7.5,8,8.5,9,9.5",Width,"6MM,8MM",30 days,"2 oz","https://cdn.shopify.com/s/files/1/1857/8135/products/yorkshire-black-ceramic-ring-brushed-finish-yorkshire-6-5-aydins-jewelry-603681.jpg?v=1691605407","https://cdn.shopify.com/s/files/1/1857/8135/products/yorkshire-black-ceramic-ring-brushed-finish-yorkshire-6-5-aydins-jewelry-388736.jpg?v=1691605407","https://cdn.shopify.com/s/files/1/1857/8135/products/yorkshire-black-ceramic-ring-brushed-finish-yorkshire-6-5-aydins-jewelry-338020.jpg?v=1691605407"
"GALAXY | Silver Titanium Ring, Blue Green Opal Inlay, Beveled","GALAXY is a clean wedding band built for men who want a ring with durability and personality. The polished finish gives it a distinct look while the titanium keeps it strong enough for daily wear. Designed in a comfort-fit profile, GALAXY is made to feel solid without looking overdone. Key Features Titanium Polished Finish Available widths: 8mm Beveled Edges Comfort-fit interior Engraving: Inside engraving available Why GALAXY GALAXY is for the guy who wants a wedding band that feels personal, durable, and different from a basic polished ring.","8mm,Best_Sellers_Wave1,Blue,color-fixed-2026,color-green,Couple rings,Custom Fit rings,Engagement Rings,Engraving Rings,Everyday Rings,Fashion rings,Finger Print Rings,Green","Opal",Tungsten Rings,169,210,"GALAXY-8-5",Ring size,"10,10.5,11,11.5,12,12.5,13,13.5,14,14.5,15,5,5.5,6,6.5,7,7.5,8,8.5,9,9.5",Width,"8mm",30 days,"2 oz","https://cdn.shopify.com/s/files/1/1857/8135/files/galaxy-silver-titanium-ring-blue-green-opal-inlay-beveled-rings-aydins-jewelry-161418.jpg?v=1733655486","https://cdn.shopify.com/s/files/1/1857/8135/files/galaxy-silver-titanium-ring-blue-green-opal-inlay-beveled-rings-aydins-jewelry-773015.jpg?v=1733655486","https://cdn.shopify.com/s/files/1/1857/8135/files/galaxy-silver-titanium-ring-blue-green-opal-inlay-beveled-rings-aydins-jewelry-928043.jpg?v=1733655486","https://cdn.shopify.com/s/files/1/1857/8135/files/galaxy-silver-titanium-ring-blue-green-opal-inlay-beveled-rings-aydins-jewelry-541725.jpg?v=1733655486","https://cdn.shopify.com/s/files/1/1857/8135/files/galaxy-silver-titanium-ring-blue-green-opal-inlay-beveled-rings-aydins-jewelry-728054.jpg?v=1733655486"
"BALDUR | Domed Tungsten Rune Wedding Band","BALDUR is a clean wedding band built for men who want a ring with durability and personality. The polished finish gives it a distinct look while the tungsten carbide keeps it strong enough for daily wear. Designed in a comfort-fit profile, BALDUR is made to feel solid without looking overdone. Key Features Tungsten Carbide Polished Finish Available widths: 8mm Domed Profile Comfort-fit interior Engraving: Inside engraving available Why BALDUR BALDUR is for the guy who wants a wedding band that feels personal, durable, and different from a basic polished ring.","8mm,Best_Sellers_Wave1,Black Tungsten Ring,Color_Silver,Gold Tungsten Ring,Inside,mens wedding band,Rune,Rune Deep Engraved,Tungsten,Tungsten Ring,Tungsten Rings,Viking Style","Tungsten",Tungsten Rings,399,210,"BALDUR-8-5",Ring size,"10,10.5,11,11.5,12,12.5,13,13.5,14,14.5,15,5,5.5,6,6.5,7,7.5,8,8.5,9,9.5",Width,"8mm",30 days,"2 oz","https://cdn.shopify.com/s/files/1/1857/8135/files/baldur-domed-tungsten-rune-wedding-band-rings-aydins-jewelry-6000928.jpg?v=1764331570","https://cdn.shopify.com/s/files/1/1857/8135/files/baldur-domed-tungsten-rune-wedding-band-rings-aydins-jewelry-7431077.jpg?v=1764331570","https://cdn.shopify.com/s/files/1/1857/8135/files/baldur-domed-tungsten-rune-wedding-band-rings-aydins-jewelry-7576286.jpg?v=1764331569","https://cdn.shopify.com/s/files/1/1857/8135/files/baldur-domed-tungsten-rune-wedding-band-rings-aydins-jewelry-4888660.jpg?v=1764331569","https://cdn.shopify.com/s/files/1/1857/8135/files/baldur-domed-tungsten-rune-wedding-band-rings-aydins-jewelry-2301403.jpg?v=1764331570","https://cdn.shopify.com/s/files/1/1857/8135/files/baldur-domed-tungsten-rune-wedding-band-rings-aydins-jewelry-1444258.jpg?v=1764331570","https://cdn.shopify.com/s/files/1/1857/8135/files/baldur-domed-tungsten-rune-wedding-band-rings-aydins-jewelry-8411489.jpg?v=1764331569"
"RAPTOR | Black Ring, Black Tungsten Ring, Blue Offset Groove, Flat","Black Brushed Blue Offset Groove Wedding Ring for Men with Black Tungsten Inside - 6MM, 8MM You can never go wrong with a classic and timeless look. Show your love and devotion to your partner with this stunning and stylish ring. This ring is perfect for fashion lovers and it will be the perfect addition to your collection of rings. It is also a great gift for that special someone. We offer a Lifetime Replacement and Sizing Warranty on all our rings. Our jewelry is made from quality materials and handmade with expert craftsmanship. We offer Free Shipping within the U.S., a Free Jewelry Box, and Free Engraving on Rings as per your specifications at Aydin's Jewelry.","6mm,8mm,Best_Sellers_Wave1,Black Rings,Black Rings for Men,Black Tungsten Ring,Blue Groove,Blue Offset Groove,Brand: Aydins,Color_Black,Color_Blue,Inside & Outside,Men's Black Rings","Tungsten",Tungsten Rings,146,320,"AYTR378-6-5",Ring size,"10,10.5,11,11.5,12,12.5,13,14,15,5,5.5,6,6.5,7,7.5,8,8.5,9,9.5",Width,"6MM,8MM",30 days,"2 oz","https://cdn.shopify.com/s/files/1/1857/8135/products/raptor-black-ring-black-tungsten-ring-blue-offset-groove-flat-aytr378-6-5-aydins-jewelry-314223.jpg?v=1691604326","https://cdn.shopify.com/s/files/1/1857/8135/products/raptor-black-ring-black-tungsten-ring-blue-offset-groove-flat-aytr378-6-5-aydins-jewelry-317047.jpg?v=1691604326","https://cdn.shopify.com/s/files/1/1857/8135/products/raptor-black-ring-black-tungsten-ring-blue-offset-groove-flat-aytr378-6-5-aydins-jewelry-218107.jpg?v=1691604326","https://cdn.shopify.com/s/files/1/1857/8135/products/raptor-black-ring-black-tungsten-ring-blue-offset-groove-flat-aytr378-6-5-aydins-jewelry-335145.jpg?v=1691604326"
"ALABASTER | Silver Ring, White Ceramic Ring, Domed","White Ceramic Domed Wedding Ring for Men with Silver Tungsten Inside - 6MM, 8MM This elegant ring has a white, domed, and brushed tungsten band with a silver tungsten interior. The white exterior gives the ring a classic and sophisticated look, while the silver interior adds a touch of brightness and shine. Made from tungsten, a metal known for its strength and resistance to scratching, this ring is perfect for anyone looking for a stylish and durable piece of jewelry. We offer a Lifetime Replacement and Sizing Warranty on all our rings. Our jewelry is made from quality materials and handmade with expert craftsmanship. We offer Free Shipping within the U.S., a Free Jewelry Box, and Free Engraving on Rings as per your specifications at Aydin's Jewelry.","6mm,8mm,Best_Sellers_Wave1,Brand: Aydins,Ceramic,Ceramic Domed,Color_Silver,Inside & Outside,Men Ring,Mens Silver RIngs,Silver Ring for Men,Silver Rings,Wave1_WeddingBands_S","Ceramic",Black Wedding Bands,146,320,"AYTR977-6-5",Ring size,"10,10.5,11,11.5,12,12.5,13,14,15,5,5.5,6,6.5,7,7.5,8,8.5,9,9.5",Width,"6MM,8MM",30 days,"2 oz","https://cdn.shopify.com/s/files/1/1857/8135/products/alabaster-silver-ring-white-ceramic-ring-domed-aytr977-6-5-aydins-jewelry-662113.jpg?v=1691601723","https://cdn.shopify.com/s/files/1/1857/8135/files/alabaster-silver-ring-white-ceramic-ring-domed-aytr977-6-5-aydins-jewelry-329833.png?v=1726964833","https://cdn.shopify.com/s/files/1/1857/8135/products/alabaster-silver-ring-white-ceramic-ring-domed-aytr977-6-5-aydins-jewelry-666074.jpg?v=1691601723","https://cdn.shopify.com/s/files/1/1857/8135/files/alabaster-silver-ring-white-ceramic-ring-domed-aytr977-6-5-aydins-jewelry-688953.jpg?v=1726964833"
"DOMINUS | Silver Tungsten Ring, Shiny Domed","DOMINUS is a clean tungsten wedding band built for men who want a ring with weight, durability, and personality. The polished tungsten finish gives it a distinct look while the tungsten carbide keeps it strong enough for daily wear. Designed in a comfort-fit profile, DOMINUS is made to feel solid without looking overdone. Key Features Tungsten Carbide Polished Tungsten Finish Available widths: 2mm/4mm/6mm/8mm/10mm Domed Profile Comfort-fit interior Engraving: Inside and outside engraving available Why DOMINUS DOMINUS is for the guy who wants a wedding band that feels personal, durable, and different from a basic polished ring.","10mm,2mm,4mm,6mm,8mm,Best_Sellers_Wave1,Cheap Rings,Classy Rings,Couple Matching ring,Custom Fit rings,Engagement Rings,Engraving Rings,Fashion rings","Silver",Tungsten Rings,189.99,1000,"DOMINUS-2-3.5",Ring size,"10,10.5,11,11.5,12,12.5,13,3.5,4,4.5,5,5.5,6,6.5,7,7.5,8,8.5,9,9.5",Width,"10MM,2MM,4MM,6MM,8MM",30 days,"2 oz","https://cdn.shopify.com/s/files/1/1857/8135/products/dominus-silver-tungsten-ring-shiny-domed-dominus-2-35-aydins-jewelry-188988.jpg?v=1691602072","https://cdn.shopify.com/s/files/1/1857/8135/products/dominus-silver-tungsten-ring-shiny-domed-dominus-2-35-aydins-jewelry-260643.jpg?v=1691602072"
"REVOLUTION | Silver Tungsten Fidget Spinner Wedding Ring - 8mm","REVOLUTION is a clean tungsten wedding band built for men who want a ring with weight, durability, and personality. The polished tungsten finish gives it a distinct look while the tungsten carbide keeps it strong enough for daily wear. Designed in a comfort-fit profile, REVOLUTION is made to feel solid without looking overdone. Key Features Tungsten Carbide Polished Tungsten Finish Available widths: 8mm Comfort Fit Profile Comfort-fit interior Engraving: Inside and outside engraving available Why REVOLUTION REVOLUTION is for the guy who wants a wedding band that feels personal, durable, and different from a basic polished ring.","8mm,Anniversary Band,Anniversary Gift,Best_Sellers_Wave1,classic Ring,Classic Wedding Band,color-fixed-2026,color-silver,Couples Ring,Engagement ring for ,Engagement Rings,Fidget Ring,Inside & Outside","Silver",Tungsten Rings,209,210,"REVOLUTION-8-5",Ring size,"10,10.5,11,11.5,12,12.5,13,13.5,14,14.5,15,5,5.5,6,6.5,7,7.5,8,8.5,9,9.5",Width,"8mm",30 days,"2 oz","https://cdn.shopify.com/s/files/1/1857/8135/files/revolution-tungsten-ring-spinner-revolution-8-5-aydins-jewelry-677496.jpg?v=1724004539","https://cdn.shopify.com/s/files/1/1857/8135/files/revolution-silver-tungsten-ring-fidget-spinner-beveled-revolution-8-115-aydins-jewelry-821505.jpg?v=1724060826"
"BRIDGEPORT | Purple Ring, Black Tungsten Ring, Green Groove, Stepped Edge","Black Brushed Green Groove Stepped Edge Wedding Ring for Men with Purple Aluminum Inside - 6MM, 8MM We offer a Lifetime Replacement and Sizing Warranty on all our rings. Our jewelry is made from quality materials and handmade with expert craftsmanship. We offer Free Shipping within the U.S., a Free Jewelry Box, and Free Engraving on Rings as per your specifications at Aydin's Jewelry.","8mm,Black Brushed Ring,Black Rings,Brand: Aydins,Color_Black,Color_Green,Color_Purple,Green Groove,Inside & Outside,Men Ring,Purple Aluminum,Purple Aluminum Ring,Tungsten Ring","Tungsten",Tungsten Rings,146,320,"AYTR685-6-5",Ring size,"10,10.5,11,11.5,12,12.5,13,14,15,5,5.5,6,6.5,7,7.5,8,8.5,9,9.5",Width,"6MM,8MM",30 days,"2 oz","https://cdn.shopify.com/s/files/1/1857/8135/products/bridgeport-purple-ring-black-tungsten-ring-green-groove-stepped-edge-aytr685-6-5-aydins-jewelry-528419.jpg?v=1691603884","https://cdn.shopify.com/s/files/1/1857/8135/products/bridgeport-purple-ring-black-tungsten-ring-green-groove-stepped-edge-aytr685-6-5-aydins-jewelry-592729.jpg?v=1691603884","https://cdn.shopify.com/s/files/1/1857/8135/products/bridgeport-purple-ring-black-tungsten-ring-green-groove-stepped-edge-aytr685-6-5-aydins-jewelry-637087.jpg?v=1691603884","https://cdn.shopify.com/s/files/1/1857/8135/products/bridgeport-purple-ring-black-tungsten-ring-green-groove-stepped-edge-aytr685-6-5-aydins-jewelry-366014.jpg?v=1691603884"
"Signet Ring - Custom Signet Ring - Fingerprint Ring","Custom Fingerprint Laser Engraved Signet Ring Gold Silver Black Personalize your very own laser engraved signet ring with fingerprint, initial, monogram, or logo of your choice. For the logo please contact us before placing the order. At Aydin's, we focus on providing unique and unusual gift selections in a variety of materials and carefully personalized for you using our state of the art laser engraving systems. •••Item Details••• Stainless Steel 6-15 US Sizes Hypoallergenic Laser Engraved •••Ordering Instructions••• 1. Select Color of ring 2. Select the size 3. Upload Fingerprint and Instructions","Black,Black Signet Ring,Brand: Aydins,Custom Signet Ring,Engraved Signet Ring,Fingerprint,Gold,Gold Signet Ring,Laser Engraved,Logo Ring,Signet Ring,Silver,Silver Signet Ring","Gold",Tungsten Rings,46.67,300,"AYSSSFP",Ring size,"Black,Gold,Silver",Width,"10,11,12,13,14,15,6,7,8,9",30 days,"2 oz","https://cdn.shopify.com/s/files/1/1857/8135/products/signet-ring-custom-signet-ring-fingerprint-ring-aysssfp-aydins-jewelry-436166.jpg?v=1691605757","https://cdn.shopify.com/s/files/1/1857/8135/products/signet-ring-custom-signet-ring-fingerprint-ring-aysssfp-aydins-jewelry-229566.jpg?v=1691605757","https://cdn.shopify.com/s/files/1/1857/8135/products/signet-ring-custom-signet-ring-fingerprint-ring-aysssfp-aydins-jewelry-109970.jpg?v=1691605757","https://cdn.shopify.com/s/files/1/1857/8135/products/signet-ring-custom-signet-ring-fingerprint-ring-aysssfp-aydins-jewelry-450773.jpg?v=1691605757"
"PEACHLAND | Black Tungsten Ring Green Celtic Dragon Inlay","Black Tungsten Ring with Green Celtic Dragon Inlay - 8MM This Ring is made of high-Grade tungsten carbide which provides excellent durability. Black Tungsten Ring with Green Celtic Dragon Inlay of the Ring. Ring Measures 8mm width for Men. Tungsten carbide rings are extremely durable and won't scratch or fade. This Ring is made of high grade tungsten carbide which provides excellent durability. It is cobalt free which offers resistant to scratching to keep its surface looking sleek and unblemished for years to come. This 8mm tungsten wedding Ring is the perfect gift for that special someone. Each ring is made with only the highest quality materials. This Ring is Tungsten Carbide is the hottest new material in jewelry. It is virtually scratch resistant, and indestructible making it great for jewelry that is worn every day. Tungsten Carbide Rings are said to be classier, stylish, and the most important thing is the strength of the rings. As the metal is 10 times harder than gold, its amazing properties are loved by all and provides people with great strength when it is being shaped like rings. These rings will never bend or distort with time and force like any of the other metals that you choose for your rings. Black Tungsten Ring with Green Celtic Dragon Inlay at the Ring for Him and Her. Promise Tungsten Rings for Couple. All Aydin's jewelry is made to the highest standards using quality materials and expert craftsmanship and we are offering a Lifetime Replacement and Sizing Warranty on our products.","8mm,Best_Sellers_Wave1,Black Rings,Black Tungsten Ring,Brand: Aydins,Celtic,Celtic Dragon Inlay,Celtic Inlays,Color_Black,Color_Green,Green Inlay,Green Rings,Inside","Tungsten",Tungsten Rings,169,150,"JDTR1008-8-7",Ring size,"10,10.5,11,11.5,12,12.5,13,14,15,7,7.5,8,8.5,9,9.5",Width,"8MM",30 days,"2 oz","https://cdn.shopify.com/s/files/1/1857/8135/products/peachland-black-tungsten-ring-green-celtic-dragon-inlay-jdtr1008-8-7-aydins-jewelry-122055.jpg?v=1691604513","https://cdn.shopify.com/s/files/1/1857/8135/products/peachland-black-tungsten-ring-green-celtic-dragon-inlay-jdtr1008-8-7-aydins-jewelry-192596.jpg?v=1691604513"
"KNOX | Gold Tungsten Ring with Black Hammered Center","KNOX: Gold Tungsten Ring with a Black Hammered Center Built for bold contrast, KNOX pairs a warm gold tungsten body with a black hammered center that gives the band a rugged, textured edge. It is sharp, modern, and made to stand out without looking overdone. The 8mm flat comfort-fit profile gives it a substantial feel on the finger, while tungsten carbide delivers the scratch resistance and everyday durability men want in a wedding band. Key Features Material: Gold tungsten carbide with black hammered detailing Width: 8mm for a bold, substantial profile Finish: Polished gold edges with a textured black hammered center Fit: Comfort fit interior for easier all-day wear Engraving: Available for a personal message Durability: Scratch-resistant tungsten built for daily wear Why KNOX KNOX is for the guy who wants gold, but not basic. The hammered black center gives it grit; the polished gold frame keeps it clean.","8mm,Black,Black Hammered Ring,Black Tungsten,Brand: Aydins,Gold,Gold Tungsten Ring,Gold Wedding Bands,Hammered Ring,Inside & Outside,Men Ring,Tungsten Rings,Wave1_Full_Tungsten","Tungsten",Tungsten Rings,146,150,"AYTR294-8-7",Ring size,"10,10.5,11,11.5,12,12.5,13,14,15,7,7.5,8,8.5,9,9.5",Width,"8MM",30 days,"2 oz","https://cdn.shopify.com/s/files/1/1857/8135/files/knox-gold-ring-black-tungsten-ring-hammered-flat-aytr294-8-7-aydins-jewelry-475859.jpg?v=1725997089","https://cdn.shopify.com/s/files/1/1857/8135/files/knox-gold-ring-black-tungsten-ring-hammered-flat-aytr294-8-7-aydins-jewelry-236844.jpg?v=1725997089"
"HARTMAN | Tungsten Blue Yellow Wood Inlay Ring","The Blue Yellow Wood Inlay The Blue Yellow Wood inlay gives this tungsten carbide ring real natural grain, color, and character. Who It's For HARTMAN is for the buyer who wants a wedding band with visible natural texture instead of a plain metal look. The blue yellow wood detail keeps the ring warm and distinctive while the tungsten carbide build keeps it ready for daily wear. Key Features Tungsten Carbide ring with blue yellow wood inlay 6mm, 8mm width with comfort-fit profile Comfort-fit interior Outside engraving available Inspected before shipping","6mm,8mm,Blue & Yellow,Blue & Yellow Wood,Brand: Aydins,Color_Blue,Color_Brown,Men Wood Ring,Outside,Tungsten Ring,Tungsten Rings,Wave1_WeddingBands_S,White Tungsten","Wood",Tungsten Rings,146,300,"AYTR816-6-5",Ring size,"10,10.5,11,11.5,12,12.5,13,5,5.5,6,6.5,7,7.5,8,8.5,9,9.5",Width,"6MM,8MM",30 days,"2 oz","https://cdn.shopify.com/s/files/1/1857/8135/products/hartman-blue-yelloworange-wood-silver-tungsten-ring-shiny-flat-aytr816-6-5-aydins-jewelry-633454.jpg?v=1691605486","https://cdn.shopify.com/s/files/1/1857/8135/products/hartman-blue-yelloworange-wood-silver-tungsten-ring-shiny-flat-aytr816-6-5-aydins-jewelry-575995.jpg?v=1691605486","https://cdn.shopify.com/s/files/1/1857/8135/products/hartman-blue-yelloworange-wood-silver-tungsten-ring-shiny-flat-aytr816-6-5-aydins-jewelry-745678.png?v=1691605486","https://cdn.shopify.com/s/files/1/1857/8135/products/hartman-blue-yelloworange-wood-silver-tungsten-ring-shiny-flat-aytr816-6-5-aydins-jewelry-699619.jpg?v=1691605486","https://cdn.shopify.com/s/files/1/1857/8135/products/hartman-blue-yelloworange-wood-silver-tungsten-ring-shiny-flat-aytr816-6-5-aydins-jewelry-119804.jpg?v=1691605486"
"SEQUOIA | IRON Wood, Black Tungsten Ring, Shiny, Domed","Black Shiny Domed Tungsten Wedding Ring for Men with Iron Wood Inside - 8MM This rugged tungsten ring is the perfect choice for the man who wants both style and durability. The Black Shiny Domed exterior adds a classic touch, while the ironwood interior brings a touch of toughness and ruggedness to your finger. Made from durable tungsten, this ring is built to last and is perfect for anyone looking for a stylish piece of jewelry. We offer a Lifetime Replacement and Sizing Warranty on all our rings. Our jewelry is made from quality materials and handmade with expert craftsmanship. We offer Free Shipping within the U.S., a Free Jewelry Box, and Free Engraving on Rings as per your specifications at Aydin's Jewelry.","8mm,Black Rings,Black Rings for Men,Black Shiny Domed,Brand: Aydins,Color_Black,Color_Brown,Domed Ring,Iron Wood,Iron Wood Ring,Men Ring,Men's Black Rings,Outside","Wood",Tungsten Rings,146,130,"AYTR934-8-7",Ring size,"10,10.5,11,11.5,12,12.5,13,7,7.5,8,8.5,9,9.5",Width,"8MM",30 days,"2 oz","https://cdn.shopify.com/s/files/1/1857/8135/products/sequoia-iron-wood-black-tungsten-ring-shiny-domed-aytr934-8-7-aydins-jewelry-516860.jpg?v=1691602547","https://cdn.shopify.com/s/files/1/1857/8135/products/sequoia-iron-wood-black-tungsten-ring-shiny-domed-aytr934-8-7-aydins-jewelry-566020.jpg?v=1691602547","https://cdn.shopify.com/s/files/1/1857/8135/products/sequoia-iron-wood-black-tungsten-ring-shiny-domed-aytr934-8-7-aydins-jewelry-391573.jpg?v=1691602547","https://cdn.shopify.com/s/files/1/1857/8135/products/sequoia-iron-wood-black-tungsten-ring-shiny-domed-aytr934-8-7-aydins-jewelry-474128.jpg?v=1691602547"